id,old_status,type
6d6c4d87-59c7-4216-8c56-7b9fee7ed608,scheduled,task
ebb689b5-637f-405c-b09e-137e20a2276c,scheduled,task
18020b6b-ad52-46b4-963f-3ebb77c57ab9,scheduled,task
05272af3-980d-44d6-9a75-47e99a541181,scheduled,task
019bd489-8961-4ace-b912-a3d80c427a26,scheduled,task
78224ccd-8802-4488-ad54-e8919cafff23,scheduled,task
37545c19-21fe-4aeb-9970-acca6e849775,scheduled,task
7cd01cef-1502-4f3a-a4a0-f5cf1ad9d798,scheduled,task
617fe15c-6929-47a2-b4db-b246f4642e6f,scheduled,task
50cae417-3873-4bd8-b2b0-5110c2bf4e66,scheduled,task
4ba64dd3-2c00-4b66-a36c-d994533e8313,scheduled,task
bc8e5a09-0d45-40cc-82a3-f52cdf72eb34,scheduled,task
4f62f43b-0ed4-453a-b981-92f6830fc69d,scheduled,task
f75b52c1-6973-4570-ac28-2eac2412a805,scheduled,task
423c3eb4-45f6-4172-b839-b185119a011b,scheduled,task
cb203bfc-19fa-4c55-bbd0-401092e0be0c,scheduled,task
4deaf48f-f5c6-46de-9911-7c2979c2afb4,scheduled,task
97cf81cb-850a-41d6-b8aa-24158b3cd1d5,scheduled,task
9d9f665e-c283-41f5-b634-4297d79301ad,scheduled,task
789bcba4-a5ff-40cd-984d-3d29ef86c127,scheduled,task
e2d77389-4317-4789-9e37-d2b17e0c0d3f,scheduled,task
52879256-f420-4ba5-a51c-d35c468e2bfc,scheduled,task
e545502b-d3f5-4b30-ada3-38a54d3b5900,scheduled,task
ee04a1c0-f2ac-47c1-af97-c97683285850,scheduled,task
6363172c-f61c-432f-9425-35211ea74606,scheduled,task
7602e590-4b65-4f90-beca-e2dda5da7ba5,scheduled,task
19486c98-a64d-4874-93bb-74f076dfbccf,scheduled,task
e93da125-cc5b-4e85-b5c4-1480dfe4223d,scheduled,task
11554068-2fde-4874-8e9e-11f60be3be03,scheduled,task
66f5f913-5e59-44e0-b91f-58b6872e491e,scheduled,task
47fa71ad-03aa-422b-a140-c05a23ec80eb,scheduled,task
8a8e8556-a5f8-452f-a51c-79080568311d,scheduled,task
bd85e8d5-7abc-47a4-89e1-0c8afa6620fe,scheduled,task
8aa7d702-57fe-44b6-b33a-1d8f84036feb,scheduled,task
8660598a-f9f7-4a0e-898b-9eb7d4c20d0f,scheduled,task
90b68b30-cdd3-4f80-b54a-bb4eae42bb92,scheduled,task
2a558a52-ec98-4b0c-b4c6-c28f51a58dd1,scheduled,task
acf581c2-3831-4b72-847e-396c1da3b18a,scheduled,task
21d9d968-b150-4dff-b875-0dcf41779b5c,scheduled,task
f7d140ff-4d0a-4d7c-a1df-f7aacf4f8570,scheduled,task
407a469f-8432-4692-bc3f-9f501224df21,scheduled,task
00e54be1-bdb0-41b0-a10d-616e25614a6b,scheduled,task
04d869df-4d46-44b7-a4d5-122d5870ffce,scheduled,task
03df3e74-e5eb-4f05-9632-aa39d853ed75,scheduled,task
35aa41bd-e06e-4b8f-a543-328747f01cbe,scheduled,task
3de614ac-315b-4c09-9c9a-05aa1e723c3d,scheduled,task
312ae7fa-b0f0-4957-81ca-bd6bad0c65cf,scheduled,task
fc3e0bd6-f621-4c6a-abd5-3a2970d750b5,scheduled,task
3b8e3de9-6ec5-412a-8ea3-1a7cb8ebe87f,scheduled,task
4195691d-70bc-4e45-a105-9a3fce5b9288,scheduled,task
7c4cbc59-33d5-414d-bb55-f38fd7c9c3a3,scheduled,task
e627c9f1-cf9d-46b5-a45b-bf12571f5a36,scheduled,task
c28c6f1c-1b20-434d-8e63-d75dc893f8ab,scheduled,task
55287977-71c0-4473-a482-f605aa959690,scheduled,task
0275ff4f-b5b1-42c3-94d0-639d5cbb166f,scheduled,task
0ab97a90-df6d-4e7e-80ce-14d7b919bb34,scheduled,task
f9f658c6-a163-4d50-9250-04307cbd6c83,scheduled,task
23cb7542-2b7e-4c16-a061-b4e649444688,scheduled,task
169c4667-7220-4ac6-9d86-d8e81fa3e5ae,scheduled,task
2a27e7cd-061e-4980-9252-43e69e6a4b23,scheduled,task
4bd0c942-4909-4ffa-811f-ba5e5ffb7aa9,scheduled,task
bee9884c-2d59-4593-b15d-ef8ff5ebb215,scheduled,task
dc8294a8-6987-49e9-a927-5ebb46549cdf,scheduled,task
8a3ca3c5-9433-40cd-839a-c22d1900ea68,scheduled,task
bdbe352d-4d8c-4b36-96ad-72c21382c40e,scheduled,task
bf9ba328-09c6-464d-b7ab-8129e37b9e4f,scheduled,task
8b7d0536-a046-4d11-b13d-52bb87c1a5c4,scheduled,task
b4308fd8-665b-4bb6-a26d-5c038522a26e,scheduled,task
f15e72f9-299e-4178-ac39-e7f1c2e73bb7,scheduled,task
e91e7e1c-258e-4b27-8569-18f279567774,scheduled,task
b5916ae6-0134-4beb-9c95-69f0fbbb4006,scheduled,task
ad5e3fa7-b6f7-4a73-a58d-a0de3c73601f,scheduled,task
5cceeb28-d935-4404-a1eb-6ef5f9f9f63e,scheduled,task
28f0b2e5-4ece-41b6-a71a-79d213c1a4ef,scheduled,task
08ddfdc9-dcef-48b2-8d57-15fd14106ae7,scheduled,task
569d02dd-32f8-483e-9f78-1b4d7425cd44,scheduled,task
086746f2-3999-44bf-b5af-1aa63ef9e4b6,scheduled,task
e7bface5-5bb1-42dd-b708-b9725aee8b68,scheduled,task
d7cef614-197a-4eb2-9268-46f6f085e84f,scheduled,task
3de64f37-d9e0-4b85-b6ed-28f65196ca00,scheduled,task
9e322a60-ec95-456c-8bab-77d105aae18d,scheduled,task
f21b316c-1fc4-4bc1-bf87-64eed72956fc,scheduled,task
f28a1918-0921-46bf-b325-22178460bb42,scheduled,task
d8431eb0-4b7a-422a-968a-b748f5b8b6ea,scheduled,task
f5a33b37-3b4b-4b5b-9f79-d1f698bcd60c,scheduled,task
1368bb17-22d5-4b13-9d21-76cfb2458e5f,scheduled,task
5979d8f0-ff90-48c4-8b24-b9b377aa76ab,scheduled,task
32de796c-02cf-4e00-9d87-4525bb02f6ca,scheduled,task
8314d0da-6ee9-447e-8ce6-40d05de91b3d,scheduled,task
660aa3fe-543d-4fc1-b26f-31d561561b62,scheduled,task
33462dd7-28ac-4744-bd93-22ffacf1fd27,scheduled,task
c0aeca02-3c69-42cd-8f0a-e19f8b7bd5e0,scheduled,task
39570015-8a32-4c9f-aa48-d75d018f442a,scheduled,task
15f76745-fbe8-40c1-9ed7-91da00d45b13,scheduled,task
d105fc21-494c-4884-8ec8-5140466abb04,scheduled,task
132014cc-a31e-4f8d-8f11-68d701e4025f,scheduled,task
7f9a57d4-5ca9-4939-8f00-45f8ed79e326,scheduled,task
0c11634b-f83b-466a-aaed-bc8e35f4485f,scheduled,task
a65bba1f-2ca4-4281-a4f6-34ea54133d03,scheduled,task
c6602467-a4a4-4121-911e-f34846fab9db,scheduled,task
92945d8f-15ac-4484-9025-d4dc4f534109,scheduled,task
eb0bc1d0-c898-4fe3-a4ee-1156861ef76d,scheduled,task
0cbdcb8d-a98d-4ef5-be97-e9f057b6014e,scheduled,task
c1ddb90d-2b24-41aa-8a27-a7eb2e970e70,scheduled,task
dafaf324-99c0-412d-864a-2e22027d4eb1,scheduled,task
19742ef7-269f-4cf1-b5cf-319a868b93e1,scheduled,task
b80aad64-b165-42d2-9d58-5f2bd78016cb,scheduled,task
30ca8359-ed6f-471e-83e4-aad1c64f95a8,scheduled,task
2f3247fb-f3a7-4c72-a045-aa4cfd2ad6e8,scheduled,task
9c0cfe67-ef40-4241-b9aa-6c0b3ea66b4e,scheduled,task
776fbdb0-ec5c-47d6-82a3-75ce5bd4d0dd,scheduled,task
65c5be5c-ebb4-43fa-b7a8-1c2b60401e1c,scheduled,task
b2f19cca-df49-49aa-8a99-f3af65bdbdb6,scheduled,task
b39044b4-01ca-4a70-8822-00607cb35c4e,scheduled,task
c7728177-99a5-424f-8fdd-c8941b45d5fb,scheduled,task
4f4b9f53-a1ae-46ff-bd95-4842b504f369,scheduled,task
3b32b9aa-4104-4cb1-8a10-00fe7313710c,scheduled,task
689c4276-4863-45e8-9160-4c8387912e18,scheduled,task
214ce804-1205-40d1-8a49-6ef13e75f628,scheduled,task
a854d176-9af9-4c72-ae07-155b4e24b217,scheduled,task
e09a8acf-11d0-46bd-b52a-16035b2e61b5,scheduled,call
4b14d6e5-6d78-4cb8-929e-42f8f056cf9b,scheduled,call
c08d85a5-2609-48f0-acb7-bf29bc82740f,scheduled,call
72b1de88-79a3-4d45-a0cc-914228451285,scheduled,whatsapp
82cfbe60-283e-45c6-9e41-68037c4d70ca,scheduled,call
668682e4-bae1-4e1b-8b99-335803184eaa,scheduled,meeting
212c8fb8-b996-4bbf-80e7-504a3e1eda26,scheduled,call
d49d8d97-e1d3-42bf-ad20-bf2504da74da,scheduled,call
a9dfa5b3-ee5b-48f2-9ebb-cae12040824f,scheduled,call
2acf1108-90f1-459f-a911-6c4533246948,scheduled,call
053c26d4-78f0-407e-b646-2781896ac63e,scheduled,call
343c9787-06b2-4603-abcf-012b4361cdb4,scheduled,call
c7b7850e-69ce-4645-aab9-1773ac66d0a2,scheduled,call
552fa5d3-c81d-4c76-8e37-c4ccbd9382df,scheduled,call
f396997d-4a3d-401d-a995-6d8dabc01868,scheduled,call
ad58f189-b645-43a5-8f97-9fc6947257d3,scheduled,call
66b920c5-d169-447e-96cb-36ef76038597,scheduled,call
8f273af7-1c90-450f-bed5-8b2715971e04,scheduled,call
6bd5c3b5-d1cd-4df9-ae23-bb8823daedf7,scheduled,meeting
43b725f8-b4b3-48a7-aabd-ea4ccb945beb,scheduled,whatsapp
1a432700-7c22-4c2f-92da-4309422d5a8f,scheduled,whatsapp
896d8d0a-d31f-42d7-b1d2-c47b122e11c1,scheduled,call
5999d4c2-1c62-471b-b013-48fb2c8f65f3,scheduled,call
db780fc3-ff8e-4fdf-b6a3-7bf4d35c2929,scheduled,call
7f036920-58ac-47b4-a47a-cf4a7abb7165,scheduled,meeting
5dd4c144-be96-4a42-942e-7cf552195669,scheduled,call
931c8e50-2546-4363-b4fa-366ab270bce5,scheduled,whatsapp
a7900ff2-9d87-4bca-94e1-47cf6985bf24,scheduled,whatsapp
96442564-29a8-4295-a228-033fae047bad,scheduled,call
beeb539e-d502-4924-9dc8-fc136e2cbe8b,scheduled,call
2a4d1273-eeee-406d-95a1-25eb20e163d1,scheduled,whatsapp
f4f01d5d-eb54-4c80-b3fa-4c8684ac32bf,scheduled,whatsapp
f9187fe2-90ff-4578-a398-7935338a081f,scheduled,whatsapp
cec00d6b-a052-4350-bb88-c23b1ed67aff,scheduled,call
1b6952c9-3199-48a5-9345-3b1f41365eba,scheduled,call
06caf52e-451f-4d8c-95d0-0887f23323b8,scheduled,whatsapp
72eecdae-8f3e-4110-bffc-e64c0b8767ed,scheduled,whatsapp
e739695c-5a2d-4461-a686-588f4b162c66,scheduled,whatsapp
8c703d70-e73b-4ee9-acc6-3d46ce8ead9f,scheduled,whatsapp
ff19f5b3-0200-4761-9af5-204196489353,scheduled,whatsapp
0f6bdf74-6c67-45c1-8b41-77e8dde8d4d8,scheduled,call
e381e71c-a29f-4e71-a97a-253ae724268e,scheduled,whatsapp
e701688a-5570-4f9a-b3ef-709bf047c06c,scheduled,whatsapp
fa87169d-fff9-4531-91ef-040a7c56fcdb,scheduled,whatsapp
6c38499a-0d04-4141-90c3-fb6d7d93b67e,scheduled,call
6d830051-54db-4f90-b3de-571beb7fa101,scheduled,call
7a025525-1ac2-49d7-ae65-77da96518774,scheduled,whatsapp
f69fe7d7-a675-4642-bb61-ac61ea90b542,scheduled,call
e5e15ea8-97f4-4d0c-a34f-78204ca6df02,scheduled,call
9eb44083-0f59-43fd-8df2-d8163b8aaf85,scheduled,whatsapp
b86e58b5-d83b-4958-b7a7-b698e5230b47,scheduled,whatsapp
c133aea6-d416-434a-8274-ab93bbec975b,scheduled,whatsapp
c63a824e-8806-43ae-b414-2ff91dc8f318,scheduled,call
43d3a33a-8afe-464a-a253-95f58c781151,scheduled,call
f0f923a2-df94-4c3b-8050-0f4f1fd00809,scheduled,call
d416e91d-21de-4643-8cc5-b17784b5a5d2,scheduled,call
d49e1e7b-34d3-4c78-808c-0b2e51f31f20,scheduled,call
52b2c921-5637-408a-865c-034ff3969696,scheduled,call
095f60ab-0d72-40fa-b3d8-fd5a5a9ce4f1,scheduled,call
d7c6ca2e-8eb2-468e-88fc-7368391c61ee,scheduled,call
951dbbae-cfe4-4bbd-b23a-1240443a71cb,scheduled,whatsapp
5f0e3b1e-9d5d-479a-a410-264e8d0f0d32,scheduled,whatsapp
5130c81c-bff4-489b-8d4a-cbc0db76541a,scheduled,whatsapp
2bc0f4dc-62c9-4ea2-a76e-f87b76ea7068,scheduled,whatsapp
a67fcaab-54e1-4358-a1f9-ebf444a4bbdb,scheduled,whatsapp
97d2b2c4-8eb3-4f7e-a8a4-a4a705b43558,scheduled,note
15e9c170-be7f-4a3a-8fb7-bcafb78647c4,scheduled,whatsapp
1d3e4595-89a1-4d57-9cba-e3afcb49f187,scheduled,whatsapp
d8e92297-9a39-4efe-ae2b-1fc3cb36e2d9,scheduled,whatsapp
b7810d4b-a680-4d1f-bea6-ff16a4996313,scheduled,call
fb3debd1-cce0-45b4-b96d-97211247dc71,scheduled,meeting
e942c1fa-beca-4811-af70-ec107c446905,scheduled,note
59745347-7633-408a-9fec-ac51c970d4ea,scheduled,note
0b35e9ed-b435-46b0-9c0c-f044f5f81324,scheduled,note
763bc826-d5c3-4d9a-a8c0-ee6899a14e22,scheduled,whatsapp
70eb60f5-e52c-405f-a573-a3a87b78660c,scheduled,note
ac608f21-c37b-40d6-bf76-599af67e280c,scheduled,whatsapp
8428f58a-2550-4b85-8add-bdcd4174f782,scheduled,whatsapp
df9f5103-b12b-4df6-bc05-986f2fcd7f6c,scheduled,call
1491064a-b7a7-437d-a182-0883334b5ac5,scheduled,whatsapp
a8fa91c2-044e-45a6-ae8b-9eb3b420fa2d,scheduled,whatsapp
97630d94-bd01-4c6e-aaa1-39385071f985,scheduled,whatsapp
adf29d18-4374-4bbf-a631-95e3bca4eb02,scheduled,whatsapp
9de659ad-5629-498e-a1e1-85081141a28c,scheduled,whatsapp
2010b897-3142-44a6-ae59-ccb40c90ab12,scheduled,whatsapp
7bfe2752-9ab6-4438-91d1-b6136bb7926f,scheduled,whatsapp
77ab364d-a054-41f5-bdfe-11ec4295f7c5,scheduled,whatsapp
bad169a4-f59d-4796-aa16-cacf34ea452e,scheduled,whatsapp
76ee73f4-12db-4277-acb6-c1ae316ff8b4,scheduled,whatsapp
fb773459-caf9-4fa5-beab-35fbff72e695,scheduled,whatsapp
d8fdee17-3251-438a-bad9-f63e054ad98a,scheduled,whatsapp
7953600f-017f-4861-82e5-5802d5c874f5,scheduled,whatsapp
7ed55114-8726-42db-92ce-9e9d319fba81,scheduled,whatsapp
acde61fa-1ff2-4812-86a8-4317f7c4fcd6,scheduled,whatsapp
a0751fcc-82a8-44e2-b9e1-f3604c17a652,scheduled,whatsapp
39f94d32-2271-45b2-8ea2-7590a3c9d13a,scheduled,whatsapp
da10ffb2-87a7-4de0-8ad6-ba6c3ec535ea,scheduled,call
6e83d18d-c90a-4d5d-9614-ef42c821e86a,scheduled,whatsapp
9d515c0d-9ee6-44ba-80a2-2fa9ba4307d3,scheduled,whatsapp
97dce14e-f2cd-4e65-af71-8e182132aefe,scheduled,whatsapp
143e80e6-38e3-45d8-96cc-1deb01a2da9c,scheduled,whatsapp
632aee31-46cc-414f-9301-05f42e666185,scheduled,whatsapp
0789e377-801f-43b6-994b-7b910755314f,scheduled,whatsapp
a206bf82-4bb8-4554-b6db-351739262695,scheduled,whatsapp
94da9d8a-0670-46e2-a9a8-cd311d65fbb2,scheduled,whatsapp
e1474e76-8eec-493e-b035-cd81fe9f78c9,scheduled,whatsapp
1f9dc5e9-ef1b-44ce-b84e-2fbba8501bf7,scheduled,whatsapp
39720843-1bea-4776-9c81-7fdffc7153fd,scheduled,whatsapp
41ccec34-347a-4765-8e80-6994819020dd,scheduled,whatsapp
99b69f4b-c644-4ec0-b2b6-5c090d135fdc,scheduled,whatsapp
a3b9e94f-048b-4b80-bb92-79c896b72d7b,scheduled,whatsapp
415f9da6-16ea-4b10-85ea-4f82e67203ec,scheduled,whatsapp
6a6b4614-e394-49fa-a7ae-530825a989fe,scheduled,whatsapp
b6ab0f3d-d6f2-48f8-b58e-56f19f6e9b32,scheduled,whatsapp
504e37f7-a28c-4460-9bac-b9c15e101fe8,scheduled,call
4edc81c1-afa0-43ea-8dea-77275cd9cc77,scheduled,call
83ac0c3a-ee4f-4b9c-b7e0-be341bb44794,scheduled,whatsapp
c9a16f85-edf8-436c-aa7c-8aea766ddcf6,scheduled,whatsapp
196c13a7-40b6-41fc-a197-15b3a58c41cf,scheduled,call
9f9d4ccc-2466-4578-a2fc-f71814c4f5e6,scheduled,whatsapp
51d6931e-de5f-4e18-8265-4559e39200c3,scheduled,whatsapp
87d18e58-08b1-4410-8616-54fa3ae82ddd,scheduled,whatsapp
d30622a1-5839-4533-91ae-d3c670235fff,scheduled,whatsapp
3963604c-588b-4772-9a2a-7962fa971b6d,scheduled,whatsapp
23038a3f-699d-498d-93c5-f780bb62c8e8,scheduled,whatsapp
663fb56d-dd75-4fcd-95a7-39032fbef635,scheduled,whatsapp
65706560-bf9d-487b-ad36-9613d0e8aee1,scheduled,whatsapp
1411de19-841d-4850-9486-ccb382b66654,scheduled,whatsapp
79bf3907-d419-4f1d-81c0-494602cbded8,scheduled,whatsapp
3db7c195-dbaa-4e84-8caa-9ba28c13b3e8,scheduled,whatsapp
5260bb05-9cb1-4f64-aab0-206a02abc76d,scheduled,whatsapp
17ca5e29-aae9-4611-a539-b8eab63c20ec,scheduled,call
4fa0a8de-e09b-481c-86fe-a9dd7243e221,scheduled,call
aa96b270-98a9-4bdb-a83a-f9c6e855c2fe,scheduled,call
2d020ffb-d9dd-429e-baa5-676dc5710a80,scheduled,call
b84df4ce-fca4-4481-9dfd-7baaea990a09,scheduled,call
ca936a1d-481b-44ea-8164-464d25158d8d,scheduled,whatsapp
1e928b3c-a5cc-4614-b632-0dd1f48de7ea,scheduled,whatsapp
f9b82050-fe1f-4918-9a87-fbffb0dfaed0,scheduled,whatsapp
460f4acf-d71f-4c7d-b376-3dc78316b2b2,scheduled,whatsapp
950898a3-ef4b-46e7-81f1-a784c41db96d,scheduled,note
47f5c4c8-1e85-4760-a20f-ad172dd72502,scheduled,call
d939fd8c-a3fb-43cc-95c1-22fedd271d5f,scheduled,whatsapp
ea2e801c-0dc3-49fd-ba52-6eb626bf49f6,scheduled,whatsapp
8e7b72b6-813a-457b-a6d6-49abe215b654,scheduled,call
1f42ff95-f1d0-4946-bef8-783cb36bfed0,scheduled,whatsapp
1c288c74-8e76-4752-8255-e5fb823970c8,scheduled,whatsapp
aa49c58a-2024-4254-9632-c8171c653e60,scheduled,whatsapp
37f2721d-2b77-4c92-b95a-a97a26c745b0,scheduled,whatsapp
f95b9cc9-ea5a-4c4c-a8cd-bf18230eaf58,scheduled,whatsapp
a8a4b131-700b-4911-b50b-b64b20717379,scheduled,whatsapp
30988675-f710-4757-a433-715f21fedc67,scheduled,whatsapp
4243b12e-823f-4b82-a23c-d3e6b90013a5,scheduled,whatsapp
8d1b3869-6d4f-4d76-a007-031ef213ba1d,scheduled,whatsapp
3c25073c-e1fd-4497-bcc1-57b32acb9cc0,scheduled,whatsapp
5058219a-5f35-4ba4-bedb-5e9f2eaa2821,scheduled,whatsapp
fee845bf-4c77-4381-8b34-c9575a0dafdf,scheduled,whatsapp
5132a6cd-da0f-45ce-8707-a6a78bbe84a0,scheduled,whatsapp
75b76d41-71d7-4b9c-8a48-55d0a46f5df9,scheduled,whatsapp
635914e7-fc5d-4df8-b2d5-1a08edbcc146,scheduled,whatsapp
0fbe8d8a-005f-4604-8a4e-c150bb665d09,scheduled,whatsapp
0d74a3bc-63cc-459e-89cd-a08a62c0adb6,scheduled,whatsapp
a9016c24-030d-42a8-96a6-73384a65a5c6,scheduled,whatsapp
473f7d10-2946-4b1d-a523-a6f69fcd7e31,scheduled,whatsapp
2ace1130-6749-452e-ae7d-8469530b1728,scheduled,whatsapp
5926a695-3e62-4ea1-ad98-34d0fbe6d87c,scheduled,whatsapp
b98457c6-d659-4c7a-9a10-e44d41868b02,scheduled,whatsapp
808f0d22-8640-4290-a78d-ca1b77ce344b,scheduled,whatsapp
76766573-1038-47b8-a20d-a1d81600faca,scheduled,whatsapp
86ffe957-f31c-4e24-9b45-a8a19213e95a,scheduled,whatsapp
15d09730-4555-4e24-a1a3-d953d51f8243,scheduled,whatsapp
da0dacb7-4cac-47f4-9604-8501e73da793,scheduled,whatsapp
2db0bd57-1103-42ae-ac7d-9bfeb21bf037,scheduled,whatsapp
c82ee584-a4a5-431b-a5c4-e53a6ee11715,scheduled,whatsapp
668187cb-17bb-49dc-804f-478e8634d65f,scheduled,whatsapp
6970df73-e09b-43dc-aec0-905ac7749c60,scheduled,whatsapp
6bdbaf2c-57b0-4a9b-95cf-d659c635863a,scheduled,whatsapp
12539d98-d594-4b7c-a0c7-49d65744d30b,scheduled,whatsapp
8a0330d7-01b1-4a74-9b8e-ae439c6091e9,scheduled,whatsapp
14614f75-1f27-4247-8e0b-b3d627c60383,scheduled,whatsapp
d58c6acc-db66-41ad-a636-50225e19fd0c,scheduled,whatsapp
91241e7a-3ea8-4f44-b1c8-865735d70072,scheduled,whatsapp
87b63d63-4897-4bf0-92a0-dfff6781a61a,scheduled,whatsapp
7761af0f-e10b-40c6-b1ec-5d07e3083846,scheduled,whatsapp
634bf9cf-6d1a-4dfa-85c8-de183c309c19,scheduled,whatsapp
832316c3-86e6-4569-aa7a-6073d4284919,scheduled,whatsapp
0364a4e1-ba13-45de-8dc2-1f6fefe697ce,scheduled,whatsapp
952f4010-e50d-4649-99a4-09b9a993be3b,scheduled,whatsapp
62956f1f-dd6c-4cef-9bbf-7e7f39e8b945,scheduled,whatsapp
629828fc-867d-46aa-805f-8b5077c5d4ff,scheduled,whatsapp
0e7a8b42-f0ce-4933-a98e-19424bab4aef,scheduled,whatsapp
ae240cb7-3257-40c1-bedc-9325f9abe11c,scheduled,whatsapp
d092779f-dab7-492e-9035-6a85549985d8,scheduled,whatsapp
16844a37-0435-4f7b-a832-449390ea3a02,scheduled,whatsapp
71ab5298-2b2d-474f-8311-cf684e4c9c43,scheduled,whatsapp
1ff58200-73cc-46b8-983f-0f0552411035,scheduled,whatsapp
27decf0c-fcf3-4922-8522-7f79f3294b93,scheduled,whatsapp
425a1d7f-5ba7-4f76-a9ff-e5816c5b0c99,scheduled,whatsapp
7fd0737b-5f97-41c1-85ba-f21820053742,scheduled,whatsapp
988ae711-dc00-4b57-8ddb-6894ab339451,scheduled,whatsapp
d5bd55ec-2f0a-45fa-b3f6-9c6b0f22c1d0,scheduled,call
b0b4c302-d460-4a1b-aca1-40cc1283b33f,scheduled,call
6a00b111-4be5-4a2d-86e9-e9b974f75448,scheduled,call
e09331cd-b00d-4e8b-83d1-c90379d41e2b,scheduled,call
a396fdca-5c42-4b48-b063-e007a01e3317,scheduled,call
aaed4d75-8f14-442d-9349-37df95fd3cbf,scheduled,call
b3697131-81f9-4f90-9e90-79f664123635,scheduled,whatsapp
988fb037-4d23-42ce-91f7-61ed370701cb,scheduled,call
9239a3f7-5c9c-487d-9354-a85b231983b4,scheduled,whatsapp
1d43687a-f0c7-45d3-a17a-0ca66af6deee,scheduled,whatsapp
3aa040a9-22b2-45ff-a5f0-61e6637880b6,scheduled,whatsapp
b8c25a81-4170-4640-93c9-c75ab893ebc8,scheduled,whatsapp
d84ccf9a-7a97-443f-8239-878be8086c97,scheduled,whatsapp
0b27befe-6857-4c56-a3cb-fcab0f618c42,scheduled,whatsapp
0ccf55f7-b05f-4a73-90a9-2936a21ccf45,scheduled,whatsapp
76c4ecca-fee5-4b54-8e63-5454acbcfa4d,scheduled,whatsapp
593837b0-077c-4b5b-8aa8-a137b8eed352,scheduled,whatsapp
6a708e2f-4be0-43d6-a051-07c88db8be4e,scheduled,whatsapp
44c7114c-b65c-4106-93de-ba8795c8a877,scheduled,whatsapp
9ec4b29e-eab1-4a49-8983-89fc3b05550d,scheduled,whatsapp
e3fe0ce4-a3c6-4feb-9b62-34dcb9188b8f,scheduled,whatsapp
f36b5175-54d0-4a95-b5ac-0cc5e21cef6e,scheduled,whatsapp
5ebee6de-3ecd-4c6e-b756-25caafaebef1,scheduled,whatsapp
198ec3a6-1d66-49fc-bd93-900bde988791,scheduled,whatsapp
53ae6042-0fee-4b67-be44-981391c4e95b,scheduled,whatsapp
2009232a-ebec-49d7-b353-4b027f05f180,scheduled,whatsapp
7b9b653a-508d-4d9c-ac05-59baa658a41a,scheduled,whatsapp
735a7d35-2cd3-4043-8539-fc927c330fa4,scheduled,whatsapp
85653c4f-ad81-4b31-b559-d57811b0edae,scheduled,whatsapp
c1820cc2-a2d8-4155-b036-2f1674373999,scheduled,whatsapp
3a8d409f-aa80-433e-8fc0-b8fbc47f18ff,scheduled,whatsapp
56a4f148-157b-4b06-a643-f5297e160b33,scheduled,whatsapp
9db928f5-059f-4160-84d9-b8120ae11ecb,scheduled,whatsapp
770caef5-5fc3-4766-8595-cb78d1d634aa,scheduled,whatsapp
a98a2479-1957-415e-878a-7053a926128f,scheduled,whatsapp
65b47594-ad2b-4de5-9ad7-f5a9f4b16808,scheduled,whatsapp
ca7fe02e-9631-4c0d-b05c-4a4785203f5e,scheduled,call
ef011b16-9f20-4451-bae5-543893ea6cf4,scheduled,whatsapp
1977f9d5-223a-4f2a-93f0-a0c01e1beb73,scheduled,whatsapp
28a5d170-36da-4b99-a4ca-d06db8972277,scheduled,whatsapp
1a35c5da-bd8b-408d-851f-b08274972647,scheduled,whatsapp
47c36ce0-47df-4055-a4d4-4ae6a59f1197,scheduled,whatsapp
d18bb4ae-432c-4430-9076-1c5235617a8a,scheduled,whatsapp
b1d183e8-890b-4269-8104-25281a419931,scheduled,whatsapp
992354b3-cf4c-453c-b08b-87618a26504c,scheduled,whatsapp
69004aad-8c4d-492b-b8d2-490669cab0e6,scheduled,whatsapp
d746faa6-4a84-4d2d-aed3-3f973fd62c20,scheduled,whatsapp
2b304bb8-8206-46d9-8520-0f56efed0b32,scheduled,whatsapp
70bb1d49-059d-4ace-b78f-523f4e9eeac2,scheduled,call
001d6d9d-b7ef-463c-9be7-8779c9671b7f,scheduled,call
81f02967-a0c7-453a-9647-aabe2eaa7aeb,scheduled,call
81b05b26-ddd4-4576-aa08-89269a7f2cb7,scheduled,call
009d7190-1a3c-45f5-b73a-7e458a8fa1b1,scheduled,call
835ddfa4-db16-4a1a-a15a-74c08c28b0d2,scheduled,meeting
12d9ebbb-9460-494d-b57f-a6650476ef08,scheduled,whatsapp
c3ca42e4-3a14-40b9-bfe4-49b02b5935ab,scheduled,whatsapp
06d75fee-4253-4118-9ecf-99bf2ddd57c5,scheduled,whatsapp
f82f60b7-2586-4190-b7b3-63226a507403,scheduled,whatsapp
bbcffea0-12ea-4623-a409-3127a1e39b56,scheduled,whatsapp
2735710b-d850-4be0-94b2-d01ff3c7c6d1,scheduled,whatsapp
9165acff-f64b-4e65-a80d-a1b5b55ace7b,scheduled,whatsapp
cb9ce49c-95c2-48be-bcee-2d489469bea7,scheduled,whatsapp
6fa12ecf-48e2-432e-95a9-66c53af3a2ef,scheduled,whatsapp
49d3342b-f250-4299-b12d-23a59b4d8a3f,scheduled,whatsapp
e453daa2-ac62-4cff-8077-062431d77abd,scheduled,whatsapp
bd3e316d-1699-4de8-a1bd-097d0c53b600,scheduled,whatsapp
f0b50bf7-398d-4811-bd05-c40b32c83d49,scheduled,whatsapp
2ee3c4ed-6ad6-4e6c-bc55-b1852d07fae0,scheduled,whatsapp
b58fa53a-9207-4732-9b86-74d511a9c0b4,scheduled,whatsapp
4f513309-2069-44a8-9dd5-95c5b473c80e,scheduled,whatsapp
c49a2fe9-06c4-497a-a590-354c1de24398,scheduled,whatsapp
d2a69b0b-ab89-49bf-a76e-6f9a64186d91,scheduled,whatsapp
83828b13-63e0-46c0-b7e0-d0b315b353ee,scheduled,whatsapp
b2dedf07-7478-422c-83ae-861855b56d79,scheduled,whatsapp
75d36767-05e0-48ef-9695-60dc966d510c,scheduled,whatsapp
28e753e2-475b-47c4-8fd8-8b301eb9ba55,scheduled,whatsapp
a01723d2-07e5-43e2-8d8c-8b59b60009cd,scheduled,whatsapp
ea8a5b56-86c6-4ec4-a5dd-5c11d5f2aca1,scheduled,whatsapp
dfd14dbb-e6e1-4e06-a218-2c9bebf536d2,scheduled,whatsapp
3d77580b-fde5-4d46-a610-b7408f86e1fb,scheduled,whatsapp
8ecc2b29-b4d7-46e8-8254-f2308156d111,scheduled,whatsapp
c451889d-4261-45f4-9066-d0fecdd47c8a,scheduled,whatsapp
536cbbb5-0dd3-40aa-9d8d-0acb7d32b8ce,scheduled,whatsapp
6c115df7-f314-47d8-a1f7-2d7006ec4c1a,scheduled,whatsapp
7b441a16-7912-4209-8e11-6f7098a7465f,scheduled,whatsapp
657ecaa6-7f2d-4784-afd3-cc62ed04aeef,scheduled,whatsapp
522a63d5-6a7d-4573-a5a7-65af04f6ddcc,scheduled,whatsapp
833d38b3-9d00-4d6f-bd29-a0ba9aa25176,scheduled,whatsapp
d6ddb9d6-30bf-4eb4-9c2a-050d2c89f971,scheduled,whatsapp
c58ff3a1-a0af-49b8-bb73-b2d9e1045a92,scheduled,whatsapp
8fc2d29f-07f2-48c8-9e41-075f9f066672,scheduled,note
f9507c57-d610-42cf-9b89-a50c8d635313,scheduled,whatsapp
ae680c82-ccd1-479e-806b-e7adfe16ef5e,scheduled,whatsapp
d27b63f5-cac0-4081-bb6c-5e1c345f3a4c,scheduled,whatsapp
c1fb075c-2712-434a-a214-b977a625d52a,scheduled,whatsapp
6faae4e6-c482-49d9-bd23-9edb5573ea6c,scheduled,whatsapp
8b67d1bd-eaa5-438d-9e95-d550566857a4,scheduled,whatsapp
b94958bf-91de-4d30-9a91-4d85355aa01b,scheduled,whatsapp
60a92206-adb4-4efa-8aec-e27a3cfd75a5,scheduled,whatsapp
931b4b46-4e59-41e6-8f2f-93ad8e2d611b,scheduled,whatsapp
a5f184fe-236f-4a50-8824-acd440c8fe74,scheduled,whatsapp
85272baf-aab1-4389-92b1-e9802dee0a5e,scheduled,whatsapp
0cbafc84-a330-4ea7-8bdb-34a42cba72ff,scheduled,whatsapp
6f9bfbaf-804f-4dc0-ac6d-1ea01a9eed29,scheduled,whatsapp
3ff3973a-05f5-466e-88c5-c5d2749b32b3,scheduled,whatsapp
05d720e7-5732-4194-bb80-0b9cc9b90e7b,scheduled,whatsapp
e169fc80-8d7d-4822-9cb3-d372d32ac1d4,scheduled,whatsapp
46cbfeb3-a015-4a54-a882-5585beb0cea5,scheduled,whatsapp
775d335a-3203-4129-a7d0-b65535a23e74,scheduled,whatsapp
bf3aba05-c4ac-47a7-b1bd-c8c9b45baa29,scheduled,whatsapp
3129f941-4e12-4c13-94d9-f3d978ac6899,scheduled,whatsapp
015a576e-b83b-4a29-ab09-c53b1d15e1d5,scheduled,whatsapp
d6833474-e009-48a4-9196-691be9a397ed,scheduled,whatsapp
94b7aa42-eea1-4980-b6d4-7f4069d845d4,scheduled,whatsapp
164dc209-6d3a-4ad8-a07e-c18362b6f639,scheduled,whatsapp
1ddcf315-8a2f-4400-bc06-79e583abea01,scheduled,whatsapp
929127aa-d0ba-4c7f-bc18-71ccf526f44b,scheduled,whatsapp
e3f7f341-9c86-457c-bb29-2f0b58e573cf,scheduled,whatsapp
8d469b4d-81a2-4834-89fa-99fb440974a8,scheduled,whatsapp
4a52858f-b297-4b8b-baa3-19ad76bed597,scheduled,whatsapp
91b5bf07-6a45-446b-bd64-5164dc3ee586,scheduled,whatsapp
b7d835b8-53f2-450a-963c-3bd0c74e0d15,scheduled,whatsapp
6a807aad-a751-415b-8110-12dd43652950,scheduled,whatsapp
b725c5b3-5df3-486c-bb56-f533d9863a0c,scheduled,whatsapp
8a4b81c5-1cf9-4a55-a620-f3e0d529e6d3,scheduled,whatsapp
adae3a6d-e09c-41b4-a337-7ae2a5c88c8b,scheduled,whatsapp
616c88c1-cfa7-4ade-942a-f69bb4a5e876,scheduled,whatsapp
998479e9-71ef-4299-b5b9-ca7de837e040,scheduled,whatsapp
8d6e485f-b403-4c19-aa30-1a11cf5ca808,scheduled,whatsapp
1ee12320-0a31-4e81-90f1-e187ced7f742,scheduled,whatsapp
8d6de968-521d-425e-b7ce-9f96cbc25b17,scheduled,whatsapp
b09804a7-72e1-4a48-b2ea-ab931552e9f5,scheduled,whatsapp
2021c739-85c2-41ed-92be-d25d9fd079a5,scheduled,whatsapp
7974d4f0-f8d7-4b2e-b1d0-103d9c5546ee,scheduled,whatsapp
2532a989-ff26-46e1-81fc-9af7e191579f,scheduled,whatsapp
048f6e49-5421-4471-a165-921ba182e618,scheduled,whatsapp
837154f4-d851-4de8-9832-5ed5131523a8,scheduled,whatsapp
382bccc5-f8d2-4e17-a805-ba170a85bed3,scheduled,whatsapp
0ee80daf-431c-42af-8c3e-18a71e9b2f84,scheduled,whatsapp
2c5e511c-d408-4a3d-8d49-b15cb8475682,scheduled,whatsapp
92d4a086-98c8-4d63-8096-74f6381e42c9,scheduled,whatsapp
48ac14ce-07b5-4072-840b-af5ed6414740,scheduled,whatsapp
1a5bfbd2-5714-40dc-a5dc-adbe808943a0,scheduled,whatsapp
ac9e4865-dc4d-47c3-a261-2439b41a2d48,scheduled,meeting
61ed75fd-2ecb-4260-a147-e611c6defc8d,scheduled,email
2fb21456-5c9e-4cc3-b197-fc2cd3f24fc6,scheduled,call
d05d04ad-21bd-41a1-a736-6e328011c6e3,scheduled,call
cb9d3309-71d9-4e86-b7dc-5b5fbd0e86e6,scheduled,call
a5459f32-5b9f-4d5f-9cf0-0a6476be6503,scheduled,note
eb3b51f6-71ca-4ec7-bf2d-303f2a2d4de8,scheduled,whatsapp
e3a4d76c-0166-4b76-bc3e-d61fe542c823,scheduled,whatsapp
593d3f77-7c78-4211-bb93-9fbf575f07bf,scheduled,whatsapp
55548dcd-8f60-40a7-bf8f-6ece44b23488,scheduled,note
12fdb43c-0095-4883-baae-3730c88ed797,scheduled,call
a5d77b0b-1816-469e-9d64-70d652225fba,scheduled,whatsapp
ecf28b03-8da3-46d7-a04a-3e37e8d2f610,scheduled,whatsapp
50e7df05-ea3e-45af-ae13-f6c04c97ccf4,scheduled,whatsapp
d7d9ee78-3c5f-4171-b342-4d921354a575,scheduled,whatsapp
54ea309c-5996-4cf3-84fc-062218b054f0,scheduled,whatsapp
6c8265b1-9730-47e9-bd6f-9836729ed0dd,scheduled,whatsapp
ff988af0-1e65-499d-861a-48d64ffd94d3,scheduled,whatsapp
826977cf-138d-43e0-b2ff-6017a22fb015,scheduled,whatsapp
17daa804-b66c-4552-884b-369031864918,scheduled,whatsapp
46a034c4-b62f-435b-8116-95dbb9993945,scheduled,whatsapp
0fe048f9-8f4c-40a0-a371-b9334352e5ac,scheduled,whatsapp
a7c34448-fa00-49cd-a48e-c9fe6db3d457,scheduled,whatsapp
ae2a6235-47e8-47a9-ae8f-92ff689d8b75,scheduled,whatsapp
0df50e37-a86f-440b-9e35-548c15c392d9,scheduled,whatsapp
7569cbc5-6ba3-40e7-9a4b-978167baef59,scheduled,whatsapp
298626b3-35d1-4cd1-ad70-640d3b48956d,scheduled,whatsapp
7c39565a-7d7c-43cf-a886-02ae27ff58de,scheduled,call
1e243852-a15c-41a3-9512-9f15bc417c5b,scheduled,whatsapp
a4709f7d-48ed-4947-99fb-be3adb06e243,scheduled,whatsapp
a054626b-f571-4032-a4c7-f62a019b168b,scheduled,whatsapp
0c5eb3ba-e4a7-4953-bdcc-72021ea71034,scheduled,whatsapp
1aac7572-c8e0-4652-86a9-68cbd5aff746,scheduled,whatsapp
d6166047-b711-4bfc-8584-bc0bfec2989b,scheduled,whatsapp
b5c5adac-419a-4c9b-b05b-62efe801e988,scheduled,whatsapp
1b61f2a1-8241-492b-aa5f-367793205421,scheduled,whatsapp
fa443b31-d8b3-4fab-93d4-c210afbdef63,scheduled,whatsapp
3c037d99-cd06-4d53-a44d-4f03891862f8,scheduled,whatsapp
6706c51a-ccf6-4436-8a3a-0feb8eaaca3d,scheduled,whatsapp
36ba73e5-0dda-420e-a413-f784cf58e5d7,scheduled,call
d39d2bab-12ed-442f-8fb3-9f77eccc3557,scheduled,whatsapp
4cdf7315-cb9e-4de8-adb4-577dfb218cf1,scheduled,whatsapp
e76c43b8-de51-4b7a-bd63-dd109e6cdbf7,scheduled,whatsapp
45b102a3-4f08-47dd-a369-fd5a632bb8e9,scheduled,whatsapp
05eea8e5-6c26-4abc-a186-73e2c0acdf76,scheduled,call
84ca7920-0e3e-46d1-b2b9-3813eac93aa4,scheduled,call
27e9a0eb-a331-47ad-a232-7fcf10284aac,scheduled,whatsapp
e23344c0-b216-48c7-a2df-dc36843255cc,scheduled,call
282c706f-01dd-43a4-a371-1d9a4266dbb2,scheduled,call
ec040572-f8e1-45d6-8c67-161a87ea0e79,scheduled,call
0ebb9af1-2180-4f9a-8b9f-37d3aa97e0e4,scheduled,call
72c1127d-9138-45e2-b9d8-9089fdb0ac73,scheduled,call
c1fa95fd-93f9-4e6c-8447-8814511db569,scheduled,call
2ac37dcf-b59e-40b4-b796-5e0f4f717ea8,scheduled,whatsapp
c370cb36-cd30-4f94-aa1d-662954a1408b,scheduled,whatsapp
36cbeb4f-f076-4158-9d85-cd1e9eec3a5f,scheduled,note
056bfff3-e3d2-4ef4-8b9a-3602344f3805,scheduled,call
72987c65-5cc6-4cc8-bf74-23fb5f466fd0,scheduled,call
e6cb2dac-d73d-4286-93eb-2c9b18f69d73,scheduled,call
99515d42-9b52-4257-9703-7639f3cab657,scheduled,call
55f80a47-a226-446f-b8fb-c5e8bc02172a,scheduled,call
2181a886-2e89-4262-aeee-9b65136fb2f3,scheduled,call
809aae9a-d26a-422b-8c4c-d4b4e8459b11,scheduled,whatsapp
e7cb3cf3-f294-4958-bb0d-631559d5585a,scheduled,call
d54f6a8f-52b3-446d-b1cf-15befeaa77e4,scheduled,call
11d91bab-e516-4998-877d-208380dafa19,scheduled,call
99f5f51e-70a2-4f66-916d-fd596b16b286,scheduled,whatsapp
2f6707e7-0d0b-4520-96ff-a0e3474f1140,scheduled,call
5f530d16-caea-4f8a-be7d-ff454ced0729,scheduled,call
8c81a550-42c4-46ec-921d-981b8e95f5ab,scheduled,call
ee2032a6-899a-4c88-ba9e-196c923f22e5,scheduled,call
f52aa9ca-dc8c-43e7-a58e-90004e71d863,scheduled,call
bf47e9e0-0c4f-498d-bb8e-9c1055314459,scheduled,whatsapp
42f404b7-8d73-4de8-a78d-4f7f377c8c44,scheduled,call
1f1d3e2e-b97e-425c-8e23-61fdd3d028dd,scheduled,call
f10b97f6-37fc-48c8-95a9-7092ad4a6d7b,scheduled,call
e7890226-7357-4b73-885b-7e20738f04f4,scheduled,call
494bcd21-6f3f-404f-95a7-45618055b8db,scheduled,whatsapp
a81572db-04b3-4000-adb9-ab620f8aaa90,scheduled,call
cdf7494b-70d2-4c7d-aab9-36111176693e,scheduled,call
c0884e0b-2ea6-422f-8385-a0ce954f0264,scheduled,whatsapp
e06be117-835f-4dce-a07c-d10ee9bcc5bd,scheduled,call
a3b7ab73-bad5-4c73-bf7d-dcbf1f8ca361,scheduled,call
8096e895-c7d2-4ed4-83b6-826c38c24507,scheduled,call
c67fb032-e6c8-4c20-b25e-b956c887004e,scheduled,call
796217e9-8fd3-4a79-8eef-f92cb609f835,scheduled,whatsapp
a4180305-6f55-45c1-a69e-3598b6866e6c,scheduled,call
ea2d9ea1-1243-4b39-9b3d-edf9fdcfb862,scheduled,call
92575cfc-d6e0-4ef7-99f8-0027b93ed5f0,scheduled,call
ade4e053-3960-4230-aedd-568f3a060795,scheduled,call
677d54e1-3128-439f-be99-11ebd6489e95,scheduled,call
45a3a9c9-87a4-4730-887e-1e65268de74f,scheduled,call
c904165c-3e52-4139-a75c-dd628714d98a,scheduled,whatsapp
e550ae9a-bf90-4939-9444-6b398c83ff0d,scheduled,call
3f903dd3-dfdd-44cc-a3c2-64ef3e7dd1c1,scheduled,call
214e7ec5-7f3c-4b21-9059-22dc7a6cdd5d,scheduled,call
c433a08d-a5c6-4bca-b554-4c1d0c207118,scheduled,call
c2c5e3e5-76d5-4b30-8548-ba727fb1b91e,scheduled,call
197956c1-f0c8-49bd-a218-35dbfcea6143,scheduled,call
d4620faa-ac13-4150-ade5-3c195f32038c,scheduled,call
c48618bd-972c-493a-b51b-81e2ed2584bb,scheduled,call
04622a3d-aa42-4bec-9ce0-0f79b57e3389,scheduled,call
56f359da-d647-4e5d-bbf2-a4a85d6822c3,scheduled,call
6616e115-547d-44c6-88d4-ca58653200c5,scheduled,call
88e768d4-bb65-4e59-ba0d-95f06569975d,scheduled,call
504dd47d-cdc2-4bdf-a62f-3c4424d8aec2,scheduled,whatsapp
be100a6a-ea66-4f02-9bc9-ca36c20d1dc1,scheduled,call
aaa816bc-5876-46f5-9714-6be81e321fc6,scheduled,call
fb2a25eb-ce3d-4c8b-8926-0d127a6cdc44,scheduled,call
dd31e2cd-84f3-4be7-87c2-0aece6f33d5a,scheduled,call
df6d1410-dad1-4bdc-87d8-08d51cf8b861,scheduled,whatsapp
e1058855-2fed-43ce-816f-f1df37fa07ec,scheduled,whatsapp
af4dcc88-873e-4c0d-9a46-aa777188e5e8,scheduled,call
e4740997-90cf-44c3-a4f2-204b845d638f,scheduled,call
312baa6e-c8b8-4c3d-a3d2-1bfed722d9bc,scheduled,call
ed8b34de-8d23-49d0-b61a-a8da0cc89fba,scheduled,whatsapp
c87d29d8-aa96-48a7-9975-29ed73634fb6,scheduled,whatsapp
6ef6b90b-2abc-47c7-a106-a0952952ee04,scheduled,call
86b5c1f3-06ec-42ad-a02b-7022f5a52ea1,scheduled,call
320ba5fa-be26-4011-9068-0f5f89e70cef,scheduled,call
8ca9b214-fb6a-4166-ad39-382292597f83,scheduled,call
e63c0123-6ac9-496b-8c26-b26852b61056,scheduled,call
130955fe-f749-41e0-9bb7-b686837ac6c8,scheduled,call
8484fd12-c702-4a86-98b5-ef8c908d92e8,scheduled,call
3077677e-eb70-414a-806e-01664694a3cf,scheduled,call
5ef470a1-60d6-4f18-ad6b-88cda6687e11,scheduled,call
f136f223-764a-400a-a44e-a597ef3468bc,scheduled,call
90476006-6979-4996-8751-a91ba46a332f,scheduled,call
3f3d0e94-bfef-4735-b307-56a440c24f6e,scheduled,call
1103681a-72f5-4461-8655-6b373184ce9c,scheduled,call
f8a7ec3f-cb71-413a-8a5c-a5151066c6e9,scheduled,call
577f82e3-2d46-4595-970d-c7cda7fb2ac2,scheduled,whatsapp
775247e1-9d06-4f81-b04c-3fc220ccc949,scheduled,whatsapp
36d8a3d6-9202-4e47-a242-062a2849ad2e,scheduled,whatsapp
513cc6b3-1421-4727-bd71-5d10ffbe31e7,scheduled,whatsapp
0b9e27de-45d2-4595-88a1-5593e515efa2,scheduled,whatsapp
5b09d3b1-4c90-496e-80c0-35e24450f07f,scheduled,whatsapp
4b706c98-0daf-455f-93ba-ad44e76c63a6,scheduled,whatsapp
6c65c2b6-5eab-4661-8e5c-e141fc5a830d,scheduled,whatsapp
f2cf6ebc-c59b-4308-bdc0-3dcdb30b86f7,scheduled,whatsapp
ac0e50df-5082-4531-a55b-dabf6b062dee,scheduled,whatsapp
1dd53246-345e-4907-bd86-db5886d31e50,scheduled,call
1ff59ad0-a26b-4586-b7ab-efdf057af580,scheduled,call
37972dc8-a200-4ca5-b1dc-5c7997d550d9,scheduled,whatsapp
807326d8-b058-4d99-af6e-181689ae32fc,scheduled,whatsapp
a60297d8-bbe1-4d5c-aa9f-f041e3d42751,scheduled,whatsapp
71fbc3bf-bb03-4102-921f-59ef3d39ae65,scheduled,whatsapp
47bf5350-5d21-44c2-9b1e-8f3f5668b20e,scheduled,whatsapp
d57785cb-d639-4b2b-9d34-91bbe1a43654,scheduled,whatsapp
6a0cbb2f-36fc-438a-b612-15326654da7e,scheduled,whatsapp
aa09293c-0abf-45bc-8670-b45f4866814d,scheduled,whatsapp
2e60c923-2f11-4c67-9997-8411ba69f1d9,scheduled,whatsapp
95ef05b5-3958-4874-ac3a-79913122c12c,scheduled,whatsapp
5887d0a2-8e64-4e1e-bfbb-7cbb1d2254b1,scheduled,whatsapp
c3ba102b-483f-4721-b1ad-10af419ecc8b,scheduled,whatsapp
7260df09-f947-4f9a-8ddc-5034199adc40,scheduled,whatsapp
3a5662a7-e7f8-4963-9c7a-16b3aa51b4a1,scheduled,whatsapp
6f0d8890-5ae6-4cfa-9927-3567a213ad5a,scheduled,call
4afcb7dc-4897-484a-af9c-a2d5f97b1f07,scheduled,call
8af987a4-6152-473e-93d5-59bf0d42cfe8,scheduled,whatsapp
55004f94-d8ea-42ed-a803-9b36dd17360a,scheduled,call
c811b5d5-7ab9-488b-a9f5-a0ce2dde4382,scheduled,call
26b69c7c-3512-46cf-8935-996978ae79ed,scheduled,call
9a855848-df72-46c1-9113-a4f792a92e3f,scheduled,call
0644c737-26c7-46e9-8521-afd9abd34d5b,scheduled,call
b9e63333-8410-4080-a35a-5c31219969e0,scheduled,call
8251950a-22a6-47d7-bd27-c3a17d84dc9a,scheduled,call
faf958ca-9557-44af-88c1-2581f7e4f597,scheduled,call
8ea748cd-149d-471e-a3c5-7e9ccc0f6fda,scheduled,call
9785a9bf-585b-4882-adbb-9d75b595015e,scheduled,call
ed35f4e4-76f8-49ca-ac02-a10cb76dd7f7,scheduled,whatsapp
2fb05db0-34e5-4b9b-9869-9c308de0a8b4,scheduled,whatsapp
d74878d9-643c-46db-a354-78e6d165a2ad,scheduled,whatsapp
20f225a3-14e5-4431-a501-38985166dfc4,scheduled,whatsapp
8a67e62b-cd20-4f31-a7fe-5004118fa54d,scheduled,call
cf0684cc-4859-496e-a9d0-d3ed271a8301,scheduled,call
016150d8-c544-4afd-b098-a5f462de17bc,scheduled,call
2a3f6a66-9cc7-4419-97b0-f3777a5aa3ea,scheduled,call
d5fc211f-f54d-4986-86ee-8c92b0247888,scheduled,call
e8ab07b3-67ce-4622-aef1-f5f9404326ab,scheduled,call
0b6728f8-edc2-4d3a-ac13-5e29f3c361b9,scheduled,whatsapp
9408eede-e786-4dc3-86df-72119d535e2e,scheduled,whatsapp
500ff43f-50a4-4fac-a17b-c36ae9d3b770,scheduled,call
ecc8f6dd-b98b-48a3-b293-f2fe75d70af1,scheduled,call
ab44bc46-c120-4718-a2d6-7b586b00e64b,scheduled,whatsapp
aec54d79-921a-4230-af8d-0a5dc03384c9,scheduled,call
b9a17c09-14d1-4f70-925b-dad8aa4c78fb,scheduled,call
53a228d5-c5b7-4327-8ca0-63c24d68776c,scheduled,call
75447b08-74a7-46ac-a4aa-f70b275c7360,scheduled,call
411e6e66-8087-4f32-bb42-c3a176df46b1,scheduled,call
566f5ef5-6eef-41e7-aacf-edfe65b7d654,scheduled,call
84e8bc11-9633-438e-b296-ebb8bdb3e899,scheduled,call
99cc3a96-a1d2-4ed0-9f16-3540da5ddd9c,scheduled,call
02b74480-7671-41be-abe9-6fb3ed3d2a96,scheduled,call
2ff0bc5b-ce09-4e0d-8c33-a89d6146f0d0,scheduled,call
04632007-5102-4077-8409-09f5b62b0238,scheduled,call
ac1b4d1e-bbb3-4ae1-83f4-9e2fe8e1b3d7,scheduled,call
53377741-8c83-4d6d-b0d5-b4cc2d0386b4,scheduled,call
e9cc7d77-8d05-4730-b479-89b1a2029c0d,scheduled,call
b6e315a1-89e1-4dbe-88bc-e544d620957e,scheduled,call
09ab2234-789d-4c65-9fd0-2bf890dd1c1c,scheduled,call
573fae21-e3fc-414c-b3c3-6561974e8169,scheduled,call
cc2d4709-7118-4fd7-8114-8f3fb948540b,scheduled,call
9183ab35-d8ad-4168-8515-b9d42c6b19d4,scheduled,call
b0b1d868-4063-45c0-9751-f5032a02aac7,scheduled,call
c5948d20-ae16-4d86-85af-eb15af56bf7a,scheduled,call
0ee40133-008f-4eed-b462-cb2c26b99eec,scheduled,call
4e1a8e4f-6943-4811-b1ea-b2ca8a6693a7,scheduled,call
5e545fc8-b8d1-4e5d-80dc-3cb9f931dc24,scheduled,call
18a97ad3-fccb-400b-bd27-8d83a5b26f3a,scheduled,call
b8108b6e-3aac-43fe-8033-41eac61d059a,scheduled,call
20f627cb-bf6e-4c52-8d7b-63de790e45b2,scheduled,call
646cd9a6-2d1d-4bef-838c-312082742769,scheduled,call
c4b01a31-68c6-4c14-bc9d-442ffdec3304,scheduled,call
c752754d-8f99-407a-aede-6f8cdaf22092,scheduled,call
3c46a182-51e5-4294-9dc5-1e5c844cca14,scheduled,note
f9c33062-178d-455e-a2d9-68636c2b2a8f,scheduled,call
c28aca25-42c0-4d0d-a243-9b8c6c1d1c9a,scheduled,call
17736091-a533-4eea-88ec-bd5497a4091c,scheduled,call
de26ba9f-53fc-41d7-8813-df8cd76ea777,scheduled,call
eb227fba-0f46-4024-a637-32b6742c778d,scheduled,call
b35b744f-4723-4faf-a0b0-0e223e05132e,scheduled,call
6131b2ac-c517-49fb-9396-80de33d6ad61,scheduled,call
4fd6ecbd-978a-47d1-8839-208268a7fd4d,scheduled,call
7e8b4322-ec79-42d1-9ec8-15e5f7111bb3,scheduled,note
3da5ec39-32ef-4689-bc48-5b607e7cd02d,scheduled,call
8a683d14-b8e1-444b-a5d4-950f14d0f691,scheduled,call
c038b316-c6eb-4b87-be51-26ba3210df83,scheduled,call
59afa92c-ee6c-4d49-967f-75970e51efa7,scheduled,call
0152b1c4-1f17-48aa-88c7-494f15cecd39,scheduled,call
d32889c7-c9e4-40c9-b0ab-7bf773d0363e,scheduled,call
f40166fa-4475-47ed-a80b-7ab93e3e13cc,scheduled,call
0853db80-d1f3-4b5c-9e84-5dbedcc8768b,scheduled,call
cf5028a2-c7af-4eb6-b5c0-c58b7a3a5904,scheduled,call
42477493-b9ac-479a-84b7-26709e687793,scheduled,whatsapp
74525891-6bc1-4339-bd5c-7b34be70003e,scheduled,call
5d5eab42-55d0-4341-a2a6-49b44e4a0d5c,scheduled,note
5a3af143-c6a1-4d84-9f1a-ce6661d31525,scheduled,whatsapp
3599bf45-608c-49a7-9ea2-dd7167cb2a9b,scheduled,whatsapp
dc9d41f2-68f5-46aa-bf32-3f89c38405f4,scheduled,whatsapp
0c1cfb3e-943a-4975-a800-ab370adf2351,scheduled,whatsapp
240611b4-b448-464b-b0a0-c40692a2012e,scheduled,call
3b753d68-939c-48c0-aa77-37616f9b0d7c,scheduled,call
fe756bc4-df77-447b-8ca7-0c046209e0e6,scheduled,call
0938e56c-5239-4758-9421-05f5429c54ac,scheduled,call
beca5322-5b7b-488a-8ffc-443602aa6a5a,scheduled,call
9e9ce4ff-bff7-42ca-85a0-21d31f3f50e8,scheduled,call
392179fd-2f87-4df9-8645-1b6eb3ec3831,scheduled,call
a89a0cae-fd70-4cdc-b4c7-25056f5c7ba9,scheduled,call
53483a60-1c46-4deb-9b38-1e549091e0fb,scheduled,call
3bcc430a-6cbb-4472-9832-ccb174500ccb,scheduled,note
8d082fc0-3d12-4210-a751-7c18417447a7,scheduled,call
83878390-d100-448c-b368-ca210323609b,scheduled,call
4ec5e167-1566-4094-9ea4-1c1a085a3647,scheduled,call
aa9dad7c-3f0b-4e8f-8810-6c54cf9f56d3,scheduled,call
2a426f7b-af55-4703-8c79-65026ec53327,scheduled,call
42a20e47-bcfe-42b3-a232-dddc272a7955,scheduled,call
cc5dbe4e-50db-453e-b577-46a41a673bb1,scheduled,call
db56059a-37d2-40c6-b831-23d4765b023c,scheduled,call
1936cde1-8694-42df-a716-28286679c777,scheduled,call
023cd0d5-59fa-43e3-8ec9-e96125c642f6,scheduled,call
db3ad533-6b06-4104-9966-a77b7e3fbd23,scheduled,call
fb604e31-9707-44ca-830a-e0f145caf712,scheduled,call
6eb92674-1632-4991-b9b5-041a9ad2dbf1,scheduled,call
14e39bcd-a86a-4a82-bf03-51d5e7677cc3,scheduled,call
e54f8d8b-b9c9-475e-b45b-7ea2c32cfa23,scheduled,call
58b9860e-4e79-44ae-b8f9-f546bdb48509,scheduled,call
6d40b5ae-9b60-4f74-83b3-fddebff0881a,scheduled,call
52010663-5004-42d7-b652-9e52f0d0a300,scheduled,call
2d33d29c-e657-4554-9f1c-7d033b9c1393,scheduled,call
a42b520c-1808-4d34-befa-1af41b986c90,scheduled,call
ab4dddc8-6f97-46ea-8faa-5b3f2c3c44a3,scheduled,call
9eebc322-3f58-4880-b7af-0099dede5904,scheduled,call
ee7d1593-3da4-4cee-bfee-e87255e43aa1,scheduled,call
3ae79d32-6454-47f1-9a9d-69d87ddf278e,scheduled,call
4f3842f6-7ed3-4b66-8b79-9d1ca2076a48,scheduled,call
1d67af0d-61ef-400e-986e-e2dc5556613e,scheduled,call
90d5c899-2f25-4951-be24-9aa7e2b391c3,scheduled,call
6fe4764d-8b6d-488a-871e-525a5dc6ea49,scheduled,call
ec60485a-d464-49e5-8f18-059a7bfa2e06,scheduled,call
a65064ca-a917-4979-84cc-db214e73a045,scheduled,call
78742a3e-154f-468f-be10-b0b0e94b3336,scheduled,call
1dde400c-b43f-4914-891b-c2c32844e6e0,scheduled,call
45374257-4005-4c02-ae5f-7c8a4faa1f75,scheduled,call
8d4c3a7f-03f9-4312-afc4-e7477870d77a,scheduled,call
835a3962-6248-4624-b1de-3b692551df22,scheduled,call
1f4a995e-ca82-4dd7-9695-1b6c8edda4b1,scheduled,call
43faf88a-320b-4810-accd-d681c3a826f6,scheduled,call
011e6052-6977-4910-8fba-afd0b1a7a5dc,scheduled,note
88733904-e7a5-4e21-b9dd-206f9fe2a730,scheduled,call
0fcc0123-7cb6-4851-b27d-faeb6b8cb14c,scheduled,call
dd4b3478-e683-4943-8175-daa4d9afcfda,scheduled,call
cee49644-8ed2-4ac8-8c9a-3e27d3083eae,scheduled,whatsapp
3075b4b9-d5fa-43db-a08d-0910df13b145,scheduled,whatsapp
dcb21985-f50e-4e88-821f-c6c5bbcff1b6,scheduled,whatsapp
f5eef369-7af3-4e07-96b8-5a151e916f76,scheduled,whatsapp
dd6512d2-0713-4bbf-8284-fdc098292e55,scheduled,whatsapp
6102d940-475a-4d7e-9eec-05034ef9abc9,scheduled,whatsapp
24bab232-305c-4b49-a340-b06b3ebabc5d,scheduled,whatsapp
cbcad29f-31b0-4386-adfe-fe214337d431,scheduled,whatsapp
220d77bd-1576-4100-b06c-7f6f79fde77f,scheduled,whatsapp
7228f60a-824a-4cbb-bb30-c979cf461198,scheduled,whatsapp
351d366d-725a-40f7-8215-7fa247e82775,scheduled,whatsapp
8eda05bd-0108-4679-aa8e-c9a888c7da89,scheduled,call
7e5cc9a9-a5b1-44fd-8cdf-71f72ddc1098,scheduled,whatsapp
92385b77-1b5c-4716-a117-5bf8adde2862,scheduled,whatsapp
35e001bb-dc35-451a-ad28-d7f7a6bfba70,scheduled,whatsapp
99346fa0-6cc0-4dc1-9893-2b5f24dde703,scheduled,whatsapp
8e9893b1-d60e-487b-bf31-2a35c6d2e7a1,scheduled,whatsapp
1a87919a-34ea-40f4-a813-1721f866e188,scheduled,whatsapp
06973578-154a-4cc2-8b03-248996a6e72f,scheduled,whatsapp
1714d563-16ac-4a44-8da1-493e3743da82,scheduled,whatsapp
59d5a4f4-2d4e-4aba-9a23-6fed9370355b,scheduled,whatsapp
e2814d16-6dd0-4dc8-9563-1b2cbbb5d279,scheduled,whatsapp
230d5ec0-3f2b-42bb-ab64-661048774767,scheduled,whatsapp
c53c42d7-9dc5-4e06-b540-59ba848ab7c2,scheduled,whatsapp
a33ea0e9-4292-451e-aca7-8e9b453b506b,scheduled,whatsapp
bb6e9bf6-8131-4636-8e7f-1688c3ec0db1,scheduled,whatsapp
40e84a11-7a1d-43ff-842c-ed34d2259208,scheduled,whatsapp
618dcddd-6b05-4b5e-9485-5df559c27b1a,scheduled,whatsapp
7f936ca9-85e8-4780-972d-cc1540382e32,scheduled,whatsapp
09a12276-e3a2-465e-80e0-0a546099c3fb,scheduled,call
041af635-231c-46e1-bd7a-573f785c0696,scheduled,whatsapp
f87c365f-70ef-44d5-8710-ab5c2ff274ca,scheduled,whatsapp
79075662-4b16-4798-8f48-6c6cb8774b9d,scheduled,whatsapp
d27d8e79-4b38-4e2b-9f7a-7105f7478b11,scheduled,whatsapp
f390d1fc-8da2-4227-93e7-4eaef8c415f9,scheduled,whatsapp
a5fd23df-8b13-4ec9-912e-93261980ea5c,scheduled,whatsapp
241bf054-822c-4e20-8512-b365f933beda,scheduled,whatsapp
1cf01650-27b1-4854-8822-82ff0c0df0f7,scheduled,whatsapp
79078d37-206f-402a-981a-52db7244e8f2,scheduled,whatsapp
47659793-d141-4733-9bbc-b210cd9c1a6d,scheduled,whatsapp
f4238e97-4427-4b7e-b78e-9a6f180dde3d,scheduled,whatsapp
c9cbb8e5-5ceb-4ca6-8c89-2c22d28662bd,scheduled,whatsapp
e5742a20-3d95-4537-9d78-39051e1c005c,scheduled,whatsapp
b5831827-5526-4201-ac9a-2ece1573424b,scheduled,whatsapp
823ac1d6-df46-4d8b-b638-e0920f06d3d5,scheduled,whatsapp
8d9bfd6b-f489-4017-a99f-c96d706a9ec2,scheduled,whatsapp
5fc57d37-13f0-4724-baf9-368df3205b11,scheduled,whatsapp
05d78988-5d65-4ece-96fb-4c0ff80a6ee9,scheduled,whatsapp
0dbc05a2-e6b1-40c0-80d0-88ab5b26fdc9,scheduled,whatsapp
7c6b3ed9-137b-448c-8a65-e8d6ceef3de2,scheduled,call
135a0b99-7193-4bab-8ada-e2acc481ed95,scheduled,note
2338a26f-edb7-48dc-bd15-58b92a49dc8a,scheduled,note
faa5a9ad-d3a6-4038-b428-d4525d127250,scheduled,call
30a0b9f4-dcde-48ad-b00f-c876c128c867,scheduled,call
41d721a9-7256-424e-a8f0-45cc21aa98bd,scheduled,call
18f65d71-8054-4a49-b68a-be13dfcad10d,scheduled,call
7ca6ae45-125e-48a2-ab59-b575eb4b49d3,scheduled,call
ed8e8743-567a-457e-9c57-7a531c823436,scheduled,call
abd3a3ae-f453-4064-8d2b-a2d2e5bb5e8c,scheduled,whatsapp
f887ed4c-a866-4d9c-bf24-dcf72f80bf88,scheduled,call
ad6a12cc-3394-4d2b-a091-d25115226440,scheduled,whatsapp
6c1aa5b2-bdee-497c-ace5-999eb0d381b0,scheduled,call
61a82ed5-b137-4d0b-8367-d63f21109b29,scheduled,call
9404d57c-95e6-4d4d-b75d-9a5ccf940bca,scheduled,call
ded0e440-9942-4511-8b42-fdc467aae9b2,scheduled,call
a4a19ac6-f1ba-4acd-ad6f-7f9f2d2a5467,scheduled,call
9c9d21a2-a15d-489b-baf4-53b1599daee5,scheduled,call
fe6c8d42-813a-4d00-9e74-108ce4447ade,scheduled,call
d1050cc5-0207-4c85-8b29-5306dea3ab47,scheduled,whatsapp
a1932319-02c0-4c01-af18-c0db692a099e,scheduled,whatsapp
3a1c6b64-e12e-4b7a-84fe-edebe31e3915,scheduled,whatsapp
249f917f-fd6e-4b44-85ce-a2f76faee0dc,scheduled,whatsapp
3218ffc6-a3e8-46b9-bf88-0772c075368f,scheduled,whatsapp
726baeef-8a7b-4bf8-b97e-4cd68fbd9a7d,scheduled,whatsapp
c113ce2a-ce39-4759-b93d-6fe5387b0506,scheduled,whatsapp
b3e587cc-0ea7-45ae-80ae-0f7da08877ff,scheduled,whatsapp
c1b269e8-f8e7-44a3-8d64-c2d296d4649a,scheduled,whatsapp
16690a2a-b96c-43bb-a249-260d80191233,scheduled,whatsapp
4bdcdf28-6741-4572-b6f3-61cedf0f581a,scheduled,whatsapp
9f619bfb-d7e6-4c23-90dd-395c35e876cf,scheduled,whatsapp
bd628916-4b57-4a65-ba98-0a05e9879912,scheduled,whatsapp
ed50466e-f295-4d3c-b585-64e1d86f22fc,scheduled,whatsapp
77e77265-4f87-4273-bd56-595b9fbc1d8b,scheduled,whatsapp
8b85b179-0606-477e-82f7-dc3ebe9c61fe,scheduled,whatsapp
5da0fae7-f589-4489-9b83-99720b19c508,scheduled,whatsapp
2d890a60-939e-4955-8a82-baec27fdb989,scheduled,whatsapp
99d60020-5b3c-4a04-94a6-22e22aeb22e2,scheduled,whatsapp
734a6d9f-9240-4b9e-a245-5752c80b0cfc,scheduled,whatsapp
f17cffcf-cf71-48b3-b00c-3cbf210937f4,scheduled,whatsapp
d5f1aa99-dace-4e0f-97a5-dc9116025a17,scheduled,whatsapp
4c86ad19-b777-4a8b-8b48-c48236584496,scheduled,whatsapp
a3172adf-8c7d-490e-8c5d-bb358adb7014,scheduled,whatsapp
1f0d1da9-3391-41db-bf3b-2d6be7774b98,scheduled,whatsapp
4dda5624-cc61-4487-991e-429b8301db27,scheduled,whatsapp
aa2c68e3-988b-4e18-ac9d-d31183dfc14f,scheduled,whatsapp
a076a951-6a7f-44b3-8828-b0515afd903e,scheduled,call
ade66cc3-04d6-4f68-86b3-2c2e3003984f,scheduled,call
71ed518c-22ea-48f1-81f9-9c95d6c51368,scheduled,call
2769f584-45be-4825-a168-ccbb323e89a1,scheduled,call
1218cc38-80ab-42ea-80f8-b343a8caceb5,scheduled,call
81ccb420-731b-486d-890a-1215f6174eab,scheduled,whatsapp
a7604da5-3be8-41fc-93e2-bd99abd672dc,scheduled,whatsapp
dad6dcef-d2c0-4cea-b9bd-126586d19b41,scheduled,call
d8c91cab-d4bb-4140-8d0b-eb51ffc003d9,scheduled,call
1e4093f3-cd0a-439e-ae2e-684545ee2c98,scheduled,whatsapp
d8f2769e-16db-43a8-b213-82ba3f8d90b5,scheduled,whatsapp
641dffdd-352b-4683-b123-099fc5a8e851,scheduled,whatsapp
e3e1f421-2bc1-4a44-b14f-e3e953a4ef79,scheduled,whatsapp
492461a1-1b3f-49c0-a0f0-e5b64eb8f1bb,scheduled,whatsapp
5c4034cd-f380-4014-a30a-c4560e6f2760,scheduled,whatsapp
8763fcde-db69-435a-ba9d-01b82628ff53,scheduled,whatsapp
21dc3005-b73c-4a8d-bad3-c9dc94d5291a,scheduled,whatsapp
f1ac608f-4600-466e-81eb-62ed6155d2c7,scheduled,whatsapp
a7bb58a3-fd2a-4c47-84e7-9dcae0dc8df7,scheduled,whatsapp
65e31ef2-75dc-4b2c-9c94-72507fda9a13,scheduled,whatsapp
2facde7e-715e-4cc7-98b4-1c2dd9000a4e,scheduled,whatsapp
6e71891d-fe54-425f-8eaa-c464ca16d2f0,scheduled,whatsapp
fb93569c-f6e0-435b-a71b-311296cb6a6d,scheduled,whatsapp
a6a33690-7b28-4b42-ad03-d7c3582df5e3,scheduled,whatsapp
db45d470-d76f-4f08-a5f4-8f6c40237318,scheduled,whatsapp
2a0bf220-5d26-495d-8252-523c77091183,scheduled,whatsapp
3ac52f2f-7d05-4edf-b94c-efe5d889ee0f,scheduled,whatsapp
cb250b7a-2e16-433d-9fd9-1c773f9667ef,scheduled,whatsapp
fb5006ff-19ef-4227-982c-f73bfa2ce725,scheduled,whatsapp
b8470e13-01ef-4a88-9c29-80e8c890cf4d,scheduled,whatsapp
7edec288-6bed-40de-9071-18e345e350f6,scheduled,whatsapp
7e624875-42f2-40fa-84a3-e3a1621fe7fc,scheduled,whatsapp
cf15f672-1547-484c-9410-35b518dfa66e,scheduled,whatsapp
9982f8e7-c417-4d3d-b54e-22021c55f418,scheduled,whatsapp
385e84d0-fc78-4c7b-89cd-d856dcdca8cd,scheduled,whatsapp
1606da7d-8289-4004-8cdb-599f376c57ab,scheduled,whatsapp
a2014a27-2045-4ed4-893e-a3d81c0b85e3,scheduled,whatsapp
0be69674-30dd-4023-82d2-9309d858665a,scheduled,whatsapp
1949a997-2ee7-45b0-b71e-e65f6a306781,scheduled,whatsapp
00573be3-11a9-4d49-9c9f-e5e0aa801834,scheduled,whatsapp
390eb370-4c20-42dd-894c-a99907248472,scheduled,whatsapp
85044b97-b0a9-475d-976c-0df9baa99513,scheduled,whatsapp
cfc67bf2-3890-490c-a4bd-239d652adf01,scheduled,whatsapp
c7855092-5c61-44f3-ab0b-104640b129b5,scheduled,whatsapp
7afbe403-6bc8-4a84-86d9-56f5616bf5a0,scheduled,whatsapp
3644cd12-088b-4205-b6b4-b8ce7f42b42a,scheduled,whatsapp
2236c446-a9e6-43d1-9bb2-86f52ebcf15f,scheduled,whatsapp
91aa3af1-5d23-490d-99bf-1aa0949aeac1,scheduled,whatsapp
3df3130a-03fc-43be-8c09-7a0e5e165209,scheduled,whatsapp
7ba0e4cb-6199-4797-923b-98af715b9e6d,scheduled,whatsapp
b6f3af95-6bf0-459d-b898-c4bf7572588c,scheduled,whatsapp
854f2ec8-e62f-47bc-94a7-c9d9eb41c536,scheduled,whatsapp
9bdf6b56-458f-4c4d-a4d0-efa84f7d5409,scheduled,whatsapp
2462aa64-b0f6-4495-abb5-4cb95200a747,scheduled,whatsapp
c8055ac7-e70f-435c-a8dd-9dca52a5ee84,scheduled,whatsapp
abd7333d-c9b8-406e-97b3-0ea037a8f154,scheduled,call
e2a89c82-5420-47dc-a019-11157c5e179f,scheduled,call
c43d88a8-1499-45c2-966d-1849cc314c73,scheduled,whatsapp
73cec09a-d40b-49ac-bd92-ce548490d733,scheduled,whatsapp
3968c9ba-0205-45e3-adf5-cacb9d9ae71e,scheduled,call
a24504a7-8c17-439d-89ef-8ea194ddb0b7,scheduled,call
79eb7a79-4d1e-4b15-a39e-a78e46a817b4,scheduled,meeting
653d28aa-d27e-4309-abd9-b87f6f07969e,scheduled,note
b848737b-4d70-42f3-a108-40084ede3dc6,scheduled,note
b10fc522-0945-46b0-b185-26e893177e9d,scheduled,call
333c0f6a-f0a1-44d6-ba8a-89b54217cf1c,scheduled,call
641e2d4b-df73-46ac-82bf-ffe64b7b399f,scheduled,call
37b3856c-fabe-404e-9899-a92698589141,scheduled,call
c4de3767-a1f7-48f6-bd1e-b5df12a0134d,scheduled,call
1ec8084a-b7d8-430f-8297-fe6be44eac6a,scheduled,whatsapp
b7735e74-4c6c-4c07-ba15-17944b3be0b2,scheduled,call
3d900ac2-016e-4421-ba58-28092ffd9602,scheduled,call
20f7fb60-882a-49f2-8f27-51c3497eb2c9,scheduled,call
1ae06bb9-488b-4ef0-92e7-ec8bf920cb90,scheduled,call
1a3c6a79-9e88-4e66-a93e-925028dc2fc4,scheduled,whatsapp
01179b81-0b0d-494a-ac35-8cf073adbe89,scheduled,call
515ffebf-fd99-4e7b-9612-8efa08334953,scheduled,call
f830ad90-a12c-45a5-8bba-808afc64fee0,scheduled,call
aefc1a1c-20fb-4610-9b59-c9fa123dcdd3,scheduled,call
3448c12a-c1c3-4bc5-a6fb-fef150952bca,scheduled,call
48bc8289-cc94-454b-8694-9ce2ee303d79,scheduled,whatsapp
5726e322-e5d0-4fcc-b0a4-50e4e84aca69,scheduled,call
97082cf3-6bb2-4738-9baa-610c704218bb,scheduled,call
90beb3d2-1105-410e-bb9a-808ba7dbec15,scheduled,call
d7cf037d-8137-4915-8727-a21a2ff33257,scheduled,whatsapp
90e312b9-bb75-4c53-9cf6-4b87a781548d,scheduled,whatsapp
a1efff05-9d18-4fbc-81a3-98309a17bf8d,scheduled,whatsapp
2368cad9-75e9-46bb-a4e6-ec1a9a4c20bf,scheduled,whatsapp
f6b6d427-034c-4af3-b8e2-8768dff623d9,scheduled,call
5976b151-abad-46d4-bdb5-28763a52051b,scheduled,whatsapp
fee698ec-8213-4757-9e5e-6f7f7d57cbc6,scheduled,whatsapp
fc86bf2b-5826-443f-9f26-a9c71b3b51cb,scheduled,whatsapp
75c4d9bc-3b52-4afb-8c8e-0898b30546f7,scheduled,whatsapp
d12d55db-7dad-4911-a509-49ce1f6e323a,scheduled,whatsapp
629750fe-a662-4dea-bae4-aac926389e60,scheduled,call
33de61d9-c0d1-4c7c-bf22-d28f78111110,scheduled,whatsapp
4085e11e-c06e-4764-8721-b944186e9965,scheduled,whatsapp
c95de750-88fd-4468-8e7e-7a1b76435f4d,scheduled,whatsapp
1b53178d-ee1c-4f15-8f4e-639573518a2a,scheduled,whatsapp
a0477687-145d-494e-b588-e6328d553a04,scheduled,whatsapp
cd7e54ad-1b8c-4892-bd82-c8565876fbc2,scheduled,whatsapp
130d3400-4a9d-4474-bc4b-d4148cded3d3,scheduled,whatsapp
3b7992c3-220c-457b-9fda-def40242cbc1,scheduled,whatsapp
cea3ad22-493f-4e76-902c-2dde68c27e34,scheduled,whatsapp
7aae0272-bbe3-49e0-94fe-365d869ec79c,scheduled,whatsapp
9ba79fc5-e726-4e7a-afd1-e372abc330ae,scheduled,whatsapp
f709ee4b-89f0-49a8-aa99-bc678225aa2d,scheduled,whatsapp
f2c6432b-ad31-49c9-b633-474116edb2f9,scheduled,whatsapp
a203326c-1021-4e57-86ec-5ed7301ff1a1,scheduled,whatsapp
51b9546e-3cb3-446c-adce-fca542046dbd,scheduled,whatsapp
d116cb21-4885-43d3-86f3-f638a5f10a0e,scheduled,whatsapp
4d3d691c-aebe-465b-b0f6-df0851e14834,scheduled,whatsapp
f3141295-5c79-4dda-a680-7c43f0caef99,scheduled,whatsapp
3952da07-3203-45e4-9d92-9b397f5dcfc0,scheduled,whatsapp
dd7fd239-807d-4ad7-924e-1023bb99c80c,scheduled,whatsapp
eb69fdc8-5ebe-418a-aad3-b70d9754bffd,scheduled,whatsapp
db146c07-8c0f-42ae-9746-891d272c119a,scheduled,whatsapp
2dc95363-271a-47bd-8554-60ac8046b6e2,scheduled,whatsapp
f298b6b6-4eaa-48ac-9eab-3a73ae0afd44,scheduled,whatsapp
19b7ad68-1fe8-4bc7-b06a-151fb9bd085d,scheduled,whatsapp
9d432d25-c1ff-48a7-b86e-b2cfcaad32a2,scheduled,whatsapp
5832dd5a-f816-46ff-9292-8ce44e535cb7,scheduled,whatsapp
660b9396-057f-4bdb-ac6a-76facbde54eb,scheduled,meeting
784ce232-e104-441a-9479-86a5a8d18672,scheduled,call
0bcb30f4-5d33-473f-bf0e-e1e3e2bbdec1,scheduled,call
6910aaca-f97e-4271-b8e9-601c8ad8d716,scheduled,note
43fcec27-da5f-4849-9d39-9a7b913fffcb,scheduled,whatsapp
c4c8aead-5892-4aef-b2ee-efe647ee76f5,scheduled,meeting
041c982c-10ab-46d5-84e1-6349d912798d,scheduled,note
1e018267-fe80-4384-b788-3a41e13ad242,scheduled,note
4bab2dd5-e7df-4a8a-8141-5d8b69d8c580,scheduled,call
844ef54e-2601-4057-abe3-d987b8316b87,scheduled,call
7aea3d87-8cad-4574-b123-a45d7a1618da,scheduled,note
322106e9-9225-4391-9e1d-b4ef0766a4f1,scheduled,note
896e0025-ae20-4db4-9ef2-16c0a1e9a1ba,scheduled,call
ecee229a-13ab-4fa5-8a99-ddb7943299e1,scheduled,whatsapp
7c776109-1be4-41db-b6bb-76124854bd80,scheduled,call
5b5a1381-19b3-417c-9909-2826a09811e0,scheduled,call
b9629ee7-bfba-4d44-97dc-76bf45ac9b82,scheduled,call
b323c610-b6d7-4724-856e-e6f80f5bf6a3,scheduled,call
84bee38e-24ec-43cd-b779-3256fe89ebac,scheduled,call
22afbc30-e52b-4c5f-8c4c-501994c18c9c,scheduled,call
06051ccd-bdf8-491f-ba03-86ae7cdf1d3a,scheduled,call
2af42823-4682-4e8c-a945-a0295bda5c48,scheduled,whatsapp
50d99aee-059b-4789-93e7-cf0fae35c6a7,scheduled,note
13c1ae36-243f-44ec-9bc4-2e4146a1ad65,scheduled,call
8a6d53de-c0fb-419f-9516-04549bb2e673,scheduled,call
d4ddac8e-213b-4f1e-81fa-2a071740c2bd,scheduled,call
08c9a7c7-bb42-4c5e-bedb-cc5367e9eef3,scheduled,call
3342fdeb-1db5-41f2-973d-e4d1bbf2a43f,scheduled,call
5908d95d-1e7e-45fe-b967-5e538e1bd1d3,scheduled,call
326b9921-41a9-4f90-a103-986215cd2e13,scheduled,call
9ed0afcc-8fa4-42c0-852f-4b99f4a9b73a,scheduled,call
80da851f-42eb-44e7-b188-9b19f3f0d3f2,scheduled,call
3c7b6fa5-4f1c-4a1c-b8e6-ab3d9ec2843a,scheduled,whatsapp
5b4fa0a4-786b-47ff-8535-bee676b5ed0f,scheduled,call
9beca3f7-bb67-478c-a2d2-148d09551645,scheduled,call
d4326e2e-4733-4b36-b1db-a2e2d01449a1,scheduled,call
2cec567a-393f-4e5e-bd77-cc1560f2d062,scheduled,whatsapp
542b26e3-e31c-4de5-b65e-66fe56c5e527,scheduled,call
2b21522c-c879-48a7-a971-65efcc2be4a3,scheduled,whatsapp
18be7b5b-1461-4238-9fd1-aabd42589e94,scheduled,whatsapp
a28a9506-91e9-4eea-962e-9754d3008b57,scheduled,whatsapp
171b9cdb-1f4a-41fd-8643-344824bce0a5,scheduled,whatsapp
edcaf25d-8cb1-4db6-ae06-33fbd33f4408,scheduled,whatsapp
7b583a3b-fe52-4684-aa97-905c4ae4b9cf,scheduled,whatsapp
b58ad042-30a3-4c08-9aac-8b1f95351a8d,scheduled,whatsapp
4d8e81b1-2a68-4af2-bb44-f78b0232d675,scheduled,whatsapp
7c807641-3eda-42a1-90d0-917eb99b36c8,scheduled,whatsapp
f230485b-27b5-4655-b08f-b77751e674f0,scheduled,whatsapp
6324e90a-46d8-4cb0-ac55-15814cbe1cea,scheduled,whatsapp
56b98fb9-0b2a-47c3-ace3-7faf63c58237,scheduled,whatsapp
e21450c7-f126-4d0c-95aa-5d629e8e8813,scheduled,whatsapp
2669a85f-ccff-43d5-b982-6ff8011354ea,scheduled,whatsapp
7fc028ac-6d12-4399-acce-a271d965c776,scheduled,whatsapp
04e53e5c-4c4d-42a9-8e43-bc2c160e3b93,scheduled,whatsapp
9551095f-6464-4df8-b434-6263cbcc5d6a,scheduled,whatsapp
adc2ed63-bab9-4cbd-94f0-16197f722594,scheduled,whatsapp
9252d0f0-a525-4c46-b5fd-e73314233c0e,scheduled,whatsapp
8e368986-d443-447d-b8ee-254c613bdf96,scheduled,whatsapp
04f2c17a-ffc2-4f9d-90fa-4ef4094e3ddf,scheduled,whatsapp
91be4852-8c2d-4229-8af2-aa3a180f9bc0,scheduled,whatsapp
c8df46f7-c064-45cb-a6c4-379a10bdb49a,scheduled,whatsapp
fc1e2588-d871-4c5b-8b00-d1aac7c1a774,scheduled,whatsapp
b938df6b-7cbe-4ba0-9660-dc6251f9599f,scheduled,whatsapp
0488a41e-01ad-4dca-a9d9-f0c63db7a905,scheduled,whatsapp
b854f5de-8eb7-4663-8d4c-6d79b26b51da,scheduled,whatsapp
a4622386-4517-4dcf-b451-e02e0243a1ba,scheduled,whatsapp
ea924d7f-d35d-4396-bb2d-d4f8b8d26b04,scheduled,whatsapp
295f5376-8b05-44f7-bd51-efe5e0461617,scheduled,call
a4aefc41-84cd-4f30-b971-87bca07bdb49,scheduled,whatsapp
6a3a844e-50a1-44bc-8cd3-4398ef97fd12,scheduled,whatsapp
86bdd21c-f47d-44d5-92ef-9ac354b65e80,scheduled,note
494f95e5-08ef-4891-8c6c-58a0f4a8a963,scheduled,meeting
afac3370-720a-4136-bead-467663d678d3,scheduled,call
51e196b1-2134-475f-8885-3a7255c63ff6,scheduled,call
b721a517-55c3-45e7-863b-5121d53b619e,scheduled,call
0330b730-9dad-4e0b-be08-cfc85aefba77,scheduled,call
e6b39e31-1b8e-4ab5-9b37-4c46a4eb5a89,scheduled,whatsapp
84c4ebb4-6db2-4215-a553-30749708e999,scheduled,call
395b4a7f-73e1-4343-9637-7b4d51070fb4,scheduled,whatsapp
9a3dd964-5537-4445-935f-94f782712247,scheduled,call
2500c9e5-431d-40f8-a467-fa93c2c34997,scheduled,meeting
9b8aefcf-c167-4441-9355-beab698a16c3,scheduled,whatsapp
fe1d6347-a136-42ea-8f6a-cebbccfe8554,scheduled,call
005a0e3f-0933-4e27-b6f8-38b55f2c0096,scheduled,call
8103e611-a65b-4dc0-977a-9655bda8ecc8,scheduled,whatsapp
a1f62a89-bb3b-43f2-a804-de1b4322a54d,scheduled,call
4c0751a9-4e05-44a4-bcef-b88db200d800,scheduled,whatsapp
ecce2198-116e-4a4d-b3d4-034016351b4b,scheduled,whatsapp
1e2c69da-504e-4125-ade3-5758cd466e6b,scheduled,call
2d534ad9-bfa2-4faa-b48b-b6d0353303c9,scheduled,meeting
613c0bf3-def7-4463-8f92-0bd511c204b8,scheduled,meeting
b5e35430-94c2-4478-97b9-f0f43554b144,scheduled,call
ab913012-bae4-4d9e-b664-d8d8c94ab440,scheduled,call
23a21407-841e-4b63-b782-7f75d26714f6,scheduled,whatsapp
0d3597eb-30af-4e55-870b-652b9f4a6dc4,scheduled,call
8e6d3b20-d142-44a0-bcda-fb6c612a1a73,scheduled,call
eadcf86f-c167-4275-b926-dc9c94aa6f1e,scheduled,call
f234dcec-0672-4c8b-9d21-94fdad77bd97,scheduled,whatsapp
eafd0bf9-0e5f-4055-8d6c-596d866144e6,scheduled,whatsapp
bf37a006-38a9-4a37-b6b6-8c0d204eae4d,scheduled,call
a7ae28b3-96f5-4317-8eb6-492296d67765,scheduled,call
b21ab166-d166-439b-8d20-246bdbdcc773,scheduled,call
03a12b34-cddd-4c27-a130-420d306c07bc,scheduled,call
cfc9aeb4-2c28-4218-b84f-750c11f2c377,scheduled,call
40156736-ddba-45ca-98e3-f53ebfe42b1f,scheduled,call
e648d543-7301-48c7-8b29-383d878d1a53,scheduled,call
00f41132-4654-426c-a0c8-69c9517809b0,scheduled,call
5eef0340-0500-42b6-9d82-f919abf85f0f,scheduled,call
8253048e-f3a5-4d4d-b146-cdb5d4e805e8,scheduled,call
3c0e0ef3-8f49-47a2-a52f-cde51438eb0d,scheduled,call
64e5631d-9cfd-4a59-a3fd-e09fcd7158f3,scheduled,whatsapp
2940078b-6586-4114-9123-6aad51673703,scheduled,call
d749e74f-929b-490a-921d-56879384aecb,scheduled,call
65323253-7061-417b-8a16-03e0d57a884f,scheduled,call
b1b40610-32ea-4054-be31-0f00daa1b410,scheduled,call
61d27cb6-4620-460e-97e9-5561795ce767,scheduled,call
9fe08fef-7ead-4a81-9deb-9b3fe1f23f16,scheduled,call
fc2eb003-fb7c-4255-a973-24887311b77c,scheduled,call
3157e331-0800-4040-8c3c-098f7b33d77a,scheduled,whatsapp
47b7f17a-0828-4940-b813-6b8299f31c08,scheduled,call
ae9959c0-990b-4d16-a640-d498ee9217da,scheduled,call
8532da81-bfab-4e16-aef0-c3e46714cae6,scheduled,call
8ca45d64-90b6-4491-8086-a70bc80559f8,scheduled,call
55756453-d3e0-4adb-b80e-30f95aa3499b,scheduled,call
85418475-1a3b-4b2e-af81-9968c4493a6e,scheduled,call
2a7df477-c979-4764-8177-cf9b6f09091b,scheduled,call
e7067550-db23-4580-a366-2539696c51a3,scheduled,call
8e0f7201-c516-4153-8688-7ebb6d3e03cf,scheduled,call
f92d49bd-b79f-4fb6-849c-53f021780a96,scheduled,call
07a22a9d-d59d-4c74-82b5-0bb6d2b1f5ed,scheduled,call
ea6fbc09-eafb-4b63-8c50-8b11a40445ac,scheduled,call
885d81be-7633-4521-8a41-57e903fd239b,scheduled,call
732ffd29-f4fa-4cb0-874b-f157381686f8,scheduled,call
48ddc483-96ab-44bf-a8e2-fc5b9f753231,scheduled,meeting
309ed459-fec7-4655-ae44-e2f0640743da,scheduled,call
a7b688b3-521f-454c-ad56-bd941212fc40,scheduled,whatsapp
956ead0c-989e-4590-b592-f8ad21e1e4dc,scheduled,call
a3f286cd-421d-4292-b499-727d81077f55,scheduled,whatsapp
ea0358d8-30f0-4cd1-ad95-5404ac9382e9,scheduled,note
7573b72b-55de-4e24-8988-8a5a994b8d11,scheduled,note
cda68951-d579-4192-aac7-cc9dfb2e2b73,scheduled,call
0615f999-f45c-4e4d-8e88-2958d6ddfa7f,scheduled,whatsapp
21943b90-1374-4820-b269-d4ffc8121363,scheduled,call
4bcf1157-0444-4dcf-bf6b-b3020a3aeb4c,scheduled,call
f99dd048-5bfe-4ea6-a01b-dc6dccc65eaa,scheduled,call
d5dec047-e795-4aca-a8eb-66feae08377b,scheduled,call
8cbd3296-971e-43d0-b15f-3798ef87a8b9,scheduled,call
a3a12461-87db-476a-8d90-a6e90744a886,scheduled,whatsapp
c07e4af9-1a3f-466e-ba4b-6e7cb043b4ae,scheduled,whatsapp
fc2104ed-6e81-414f-90b0-e1f99c29632c,scheduled,call
014944da-fb95-450b-a587-a9a73d2dffac,scheduled,call
afddebe4-f640-471e-a18f-ae4376ab20df,scheduled,call
eaf4e0e3-5790-4fda-8fd6-da09c53fdecd,scheduled,whatsapp
87a2aec2-501b-46b5-93c6-85602c7332a7,scheduled,call
c80bac6c-d533-4e1d-84ef-74001cf8e9f6,scheduled,call
53b78196-23cc-438e-b584-d4554bbd1963,scheduled,call
bf14f5e4-8a22-47f1-825e-b9a679494fd6,scheduled,call
5f5e7edb-ca32-4af5-a9ff-ab3c0ecf2496,scheduled,whatsapp
6832d1c9-6541-479b-8687-f4fa4a4cee91,scheduled,call
22b25929-8680-4040-85ec-169a20935f11,scheduled,whatsapp
dd2f483c-020d-4e9c-a16a-fc85a051965e,scheduled,whatsapp
e29bbf04-5902-4a1b-9001-8de7f14fb570,scheduled,whatsapp
732488e5-3b4b-4aae-a771-d59c3e50a0d9,scheduled,whatsapp
21242fb8-8771-40eb-9fc8-4acc799b755f,scheduled,whatsapp
dc653bce-83ed-4db8-b13c-bff98622fb23,scheduled,whatsapp
29b7ee18-6668-48ef-9532-f38ea72cfbc5,scheduled,whatsapp
c8d1bc12-b0a5-4047-b4b8-5109e752f20d,scheduled,whatsapp
7c317e41-89c8-4694-9080-82313aabbbf0,scheduled,whatsapp
8073aa06-42af-471c-b36d-1b30e3626b74,scheduled,whatsapp
0d54f03f-b47c-44ee-b1c0-4274966faa6e,scheduled,whatsapp
3df083c5-c4ee-4874-965a-4694ec5057cb,scheduled,whatsapp
bef42be5-9842-4fec-b31a-2db5a6cbef1b,scheduled,whatsapp
42619e45-b548-4ec3-b640-fcd8625f76d9,scheduled,whatsapp
9a16a36b-b9ad-44f7-b387-8a2f144470e0,scheduled,call
b300c606-f80d-4941-ac8c-28063065ba59,scheduled,whatsapp
48649168-dbfc-4198-8899-efb003e46b3d,scheduled,whatsapp
2dd171f4-a847-4ec5-9cbd-da6c0e8735dd,scheduled,call
08468bbf-eb42-4979-86bc-989a13bbda5a,scheduled,call
d9d30fd9-c187-4e53-9880-271f13d0b805,scheduled,call
6f35e577-6155-4692-bd86-4577a3bbbc6d,scheduled,whatsapp
83969f83-2380-4dad-bfae-ee7ad7ed9286,scheduled,whatsapp
5596840b-7ed7-4dea-90ec-150a84df949d,scheduled,call
2a8ac0f2-030c-4df5-bdc0-4d4b1c4560b6,scheduled,whatsapp
211dbc05-c7ef-4caa-9e0d-85e370a1302f,scheduled,whatsapp
75ef7aa5-436d-4015-b06c-d48cd0424540,scheduled,whatsapp
88059255-b43d-4704-959b-cfb4ba32fd56,scheduled,whatsapp
9d0c396c-e912-478f-af05-b6e0e932f87e,scheduled,call
aed3301e-594e-4fcc-99e2-737ffb2adb3c,scheduled,whatsapp
72be351d-45f8-4bbe-bf0f-b49620f228a4,scheduled,whatsapp
5fba27a4-3a4b-4a3e-897b-3151ca3a7763,scheduled,whatsapp
42917694-9309-45f4-ab5a-86a947c494be,scheduled,whatsapp
ad53f588-9b3e-4fcb-8931-eaae4efe69af,scheduled,whatsapp
1bab57fd-1a5f-4c5a-b5eb-a640bd07a7a3,scheduled,call
090d7991-1ffb-4072-a1e8-1a90cdbf6c83,scheduled,whatsapp
0b68d5d0-b347-4e4d-8513-7990ad13f37b,scheduled,whatsapp
6f7b9d43-700d-4eac-ba3b-85633c447fb6,scheduled,whatsapp
a46c08b3-030e-473e-a412-3b756620e891,scheduled,whatsapp
7d56841c-ad88-458c-ac25-a97e4874879a,scheduled,whatsapp
552d9932-afa2-4cbe-8841-d23d85c0d187,scheduled,whatsapp
184dc87f-5675-48c1-8677-f6798d7d2e7d,scheduled,whatsapp
c66dfc79-119c-4bb7-b8dd-5b01922bf531,scheduled,whatsapp
5f506e3c-b0ca-4821-bac2-d525f0c62622,scheduled,whatsapp
bcb5de25-b4b5-439a-9454-44acd99dc683,scheduled,whatsapp
1b880b78-6b71-492a-90ef-567d9d480bf5,scheduled,whatsapp
17164efe-b06b-4821-827f-eca4c0d4b419,scheduled,whatsapp
ec4dd759-29e8-4446-91b3-74b1471998f9,scheduled,whatsapp
1dcccca0-3d94-40fc-844e-0a81c9046be1,scheduled,whatsapp
7402ae83-42fb-4305-aaf1-e482e6124d00,scheduled,whatsapp
7b4cfd7b-64c2-47c7-863d-b580daae3b60,scheduled,whatsapp
7b48b171-b776-49f7-942a-16ee76d0bb80,scheduled,whatsapp
ecefa05c-51ea-4b5b-bb18-e64ba6af5d86,scheduled,whatsapp
81a07981-7ce2-4a8e-83db-654abe00482a,scheduled,whatsapp
bf3651d3-723c-4fd8-9f22-9fd64ee7fb78,scheduled,whatsapp
7c4ab548-cef4-4f98-80f4-bab4019763c6,scheduled,whatsapp
ac3aab67-fa90-47f5-9d42-aba474511fee,scheduled,whatsapp
4fd4b62e-7653-40b0-90da-d3524d9df93b,scheduled,call
122b68b9-af29-47c3-90e1-7e8cf6f58937,scheduled,call
8a9d4a97-4529-471c-92ae-92059acef3e3,scheduled,call
776a8bf2-d7ae-4631-8085-73382f72c5a8,scheduled,call
f1661e7a-a67b-4559-83c3-dd55b6d43be4,scheduled,call
31414171-f02e-4f82-877e-5ae3ef657d97,scheduled,call
0a56436a-cf7f-44fa-9243-85eccfb0cfd3,scheduled,call
14e32cec-dd6e-45be-a75a-1abb177cc4c7,scheduled,call
86f0bb81-4661-4c7b-a65c-f25d8ea4b77f,scheduled,call
51de9a59-afbb-4c44-9153-c5416cfacccd,scheduled,call
b120327f-1fe3-44a2-a9e8-0e35c494d60b,scheduled,call
ecf89c1f-274c-403a-975e-8f205ccbab56,scheduled,call
d1fd3ecc-755f-4f32-9ee6-d69e6e44e2c6,scheduled,whatsapp
c98389f9-49a7-4526-85b6-94dc53ba7c00,scheduled,call
0f8c10c7-f805-4436-8d63-223a75b6ff40,scheduled,call
3f1076e0-fc79-4082-b3e3-cf9e35134a6a,scheduled,whatsapp
4a78d10a-edcf-41bb-9d9f-2a42ffd68352,scheduled,call
dc655239-ccda-4b64-bfad-f189f27ba3dd,scheduled,whatsapp
ef327646-75a8-4634-8a4b-b5b9f400436a,scheduled,call
3dbd8773-2c60-4f63-9f94-10e8d437ce0a,scheduled,call
495e91f7-68f9-4338-b724-2245da36bad6,scheduled,call
55110f88-37ae-46cf-ab8b-94ced96d90ff,scheduled,whatsapp
4459bbef-aa4a-47de-8037-b47b3e2ff667,scheduled,call
7919495a-ef4b-4488-baa6-4ef6b3da8a8d,scheduled,call
cd469ae0-dca5-480f-8cfb-9bf0f830d27a,scheduled,call
5fa9695a-77cd-4b70-93bc-37a209067129,scheduled,whatsapp
dd8295ce-5644-427b-88ca-dea35135a874,scheduled,call
aa894fde-ab13-4688-a5ff-ed5560ebf194,scheduled,call
56ff3206-f2d0-44a4-a436-390aca3669da,scheduled,call
754b4a51-c51f-443f-97ce-8bbe39bd260f,scheduled,call
3d56e1c7-a60e-4c60-bb80-5e3da11aadcc,scheduled,call
9d17a445-1c93-46eb-9fc0-b06d0bd3072b,scheduled,call
0ee51bbb-1f7c-4b34-8683-6f5f4b505313,scheduled,call
34a86212-9349-488a-b6e1-5f6281364475,scheduled,call
2b66b8b6-a7eb-41f2-be02-dd5fe511de61,scheduled,whatsapp
c672ee01-ae48-4ab3-8ee6-90dcaab84e65,scheduled,whatsapp
d428fc8c-a116-46f0-ae8f-d1a82bee6655,scheduled,whatsapp
6f464f96-874d-40cb-a03b-6b835b5b4ceb,scheduled,whatsapp
5b053f7d-8619-449f-8dc2-da716eae2763,scheduled,whatsapp
a3460417-8de5-4c73-ac26-575e0a94a0ef,scheduled,whatsapp
1edcc8d9-53ea-48a0-b8bf-3609ac79573f,scheduled,whatsapp
7c5b1dfa-78cd-4e49-ad10-0ebeaf1c0c0f,scheduled,whatsapp
a36b86b0-850e-414e-9472-24a9cc764a61,scheduled,whatsapp
591734f0-bb18-47c8-b0c3-1e8b4f0981d5,scheduled,whatsapp
b89c0f4c-d37e-464a-99d7-853e425375c1,scheduled,whatsapp
131727e8-a201-4528-b1cc-fd90cdf9fe8d,scheduled,whatsapp
5d76b7c7-f88c-45c5-85e5-79e866f33588,scheduled,whatsapp
6d098324-47d6-4bdd-ac3a-a1c94db47c25,scheduled,whatsapp
abd5d676-9545-451b-affc-8befd49bd272,scheduled,whatsapp
06499af1-60b2-453f-b1d8-42ec8d715352,scheduled,whatsapp
3400d1e8-aa63-4fe3-a27a-2be82813e320,scheduled,whatsapp
5e7b83bc-d412-4bcf-9d26-507ffac68941,scheduled,whatsapp
e972c486-077a-4681-9f8e-5946324dad40,scheduled,whatsapp
f119b69a-bc56-4385-9fc8-f3287c481472,scheduled,whatsapp
a821f22f-2b19-4d57-aa66-345714913d18,scheduled,whatsapp
670ec134-1e28-48c8-ab1d-b7679f60fb83,scheduled,whatsapp
14c70bd2-b84a-40b1-9de1-bc246b579521,scheduled,whatsapp
82d6ae95-fe09-47f8-a3d0-9fcab57e1838,scheduled,whatsapp
37ac5959-4a27-4a16-a472-9a87d5d00e5a,scheduled,whatsapp
e6af00c5-e9c3-4d5a-a578-493bd90c6f22,scheduled,whatsapp
50293b1e-23f5-4943-8e66-1e7b2d7732ac,scheduled,whatsapp
bd99582e-02ae-452c-a7f5-179c8207c19d,scheduled,whatsapp
4a39a77c-d630-40ad-a38c-bab2c460182d,scheduled,whatsapp
c3a0b475-8285-4ac5-a2d4-2bcd21efba96,scheduled,whatsapp
73d6b546-8df4-4116-a0a9-0ccb7579a251,scheduled,whatsapp
e34b487e-0ed9-4243-83bc-50abb22f674d,scheduled,whatsapp
e03d55a7-0665-422d-94ff-304f4092ef17,scheduled,whatsapp
546ec001-37ec-484c-81fc-0281b72947bf,scheduled,whatsapp
54d20d81-c0f9-4621-af67-71a5f5a16d64,scheduled,whatsapp
459cb6aa-7121-4cd5-a582-d20e0dd41260,scheduled,whatsapp
a7c5ed96-d6dd-411e-96e6-e4e37e8e8c1b,scheduled,whatsapp
1206880c-54e6-449d-b6e5-66d9c3a18c2b,scheduled,whatsapp
7727ee0b-55e7-46d8-9808-43ef45f39cbd,scheduled,whatsapp
bdd46b73-6df9-4320-a242-51417b00605b,scheduled,whatsapp
733121c3-8218-4bd7-80ad-4a1125f7702c,scheduled,whatsapp
7cf1f955-bc91-4e2a-b477-0733c23e6452,scheduled,whatsapp
5ba04383-e451-4ff7-b0ae-838078686d57,scheduled,whatsapp
f036b21d-2b23-4517-a4fa-660406d1e277,scheduled,whatsapp
4ac4f363-628f-408d-a9d9-8c220823bd63,scheduled,whatsapp
10a9b4d9-6507-44f7-a6ac-e290a187e679,scheduled,whatsapp
0b5ce785-a51d-407b-94b0-6a584b28cc7f,scheduled,call
c59b0202-6132-4937-97fa-60d905f001e4,scheduled,whatsapp
ffab29a5-9bd9-4eed-b6df-561b63704701,scheduled,call
02b66309-46b7-4579-8cb9-15c7b0011720,scheduled,whatsapp
94ecd483-fa1d-4d8e-aca5-c21ca8624694,scheduled,call
35b6581c-3546-4384-9788-4cd89ac2ecc6,scheduled,whatsapp
0e1f32f4-a105-4c06-8a3e-e04025b80982,scheduled,call
35cd086e-e39b-4058-be0d-2fe59fdc6ab9,scheduled,call
978d7412-cf2e-4f96-9900-a6e7c9066958,scheduled,whatsapp
9e86ca93-a358-45b1-af16-4126eda8d09a,scheduled,call
4b36b3a3-1cfb-4432-9de0-683142a6c54d,scheduled,call
1aaf8c81-bcb8-44b5-b2ee-b071f89c8613,scheduled,call
fbd7c3c2-2555-4d60-bd6e-9a24c3e9b69b,scheduled,call
433e873a-6540-4722-9d36-35d722da6716,scheduled,call
4539583a-6280-4b4c-b46f-1489de03c87d,scheduled,call
083c5b97-47db-4346-b536-bfee209055e3,scheduled,call
41304911-d747-442d-84d5-5d54a04355c4,scheduled,call
4e2de87c-83e3-4449-b94a-6c56592d7453,scheduled,call
cf000fc3-2ec3-4f15-9426-16d82a18cf12,scheduled,call
7d30904e-deea-472d-ad2b-a5636f494bc3,scheduled,call